file_name,plate_number
0001.png,4743УБУ
0002.png,4393БУЛ
0003.png,0555СЭҮ
0004.png,8026СЭҮ
0005.png,3489ДАА
0006.png,8817УНП
0007.png,4512УБХ
0008.png,9269УНӨ
0009.png,4999УНТ
0010.png,5190УБЛ
0011.png,8900ДАХ
0012.png,4454УБР
0013.png,0749УНӨ
0014.png,3873УНЦ
0015.png,0985УНХ
0016.png,8318ДАР
0017.png,3486УНТ
0018.png,5913ДАР
0019.png,3943ОРХ
0020.png,5121ОРО
0021.png,8277УБЯ
0022.png,0884ДАР
0023.png,8896СЭА
0024.png,0459УБУ
0025.png,2098УБӨ
0026.png,2923ТӨА
0027.png,9219УНВ
0028.png,5435ОРХ
0029.png,0002ДАР
0030.png,1809УБН
0031.png,5210УНҮ
0032.png,5232УБХ
0033.png,8896СЭА
0034.png,7776УНА
0035.png,2992ДАР
0036.png,2900ДАР
0037.png,7197УБР
0038.png,1378УБЯ
0039.png,4544УБЭ
0040.png,9804ОРО
0041.png,9666УБС
0042.png,5566ТӨҮ
0043.png,3875УБЯ
0044.png,4601СЭА
0045.png,0920УБО
0046.png,0895СЭА
0047.png,7677ОРХ
0048.png,9355УНВ
0049.png,8011ОРХ
0050.png,6629УБТ
0051.png,4151УБХ
0052.png,3510УНТ
0053.png,7269УБВ
0054.png,8419УБР
0055.png,2064УБД
0056.png,8398СЭА
0057.png,3648УБЭ
0058.png,0192ДАР
0059.png,2266УБЕ
0060.png,4774ТӨВ
0061.png,9335ОРО
0062.png,4525СЭА
0063.png,7176ДАР
0064.png,4256ДАР
0065.png,8604УБЕ
0066.png,9478УНЕ
0067.png,7476ТӨВ
0068.png,7393ДАХ
0069.png,1881ОРО
0070.png,3255УНМ
0071.png,1723СЭА
0072.png,4886УБР
0073.png,4740УНГ
0074.png,1484ТӨВ
0075.png,1626УБТ
0076.png,6449УНК
0077.png,3927ТӨВ
0078.png,9852СЭА
0079.png,3885ДАР
0080.png,8742УНД
0081.png,1447УНЧ
0082.png,0152УНӨ
0083.png,1644УБЧ
0084.png,2780УНӨ
0085.png,6182УБИ
0086.png,4247ОРА
0087.png,1390ДАР
0088.png,1046СЭА
0089.png,9963УБЭ
0090.png,5176УБД
0091.png,5838ОРХ
0092.png,6183УБУ
0093.png,0180УВА
0094.png,2967УНЛ
0095.png,2658ТӨА
0096.png,2471УНЭ
0097.png,0509УБМ
0098.png,6444УНМ
0099.png,4171УБӨ
0100.png,8459УНХ
0101.png,1175ДАР
0102.png,6490УБЕ
0103.png,8407УБЭ
0104.png,3050УБА
0105.png,1056ОРА
0106.png,0777ОРА
0107.png,6671УНЗ
0108.png,4626УБХ
0109.png,0100УБУ
0110.png,5311УНЧ
0111.png,6765УНВ
0112.png,1924БУА
0113.png,6833УБЯ
0114.png,4614УНИ
0115.png,7360УБЗ
0116.png,1815ОРО
0117.png,1606УНМ
0118.png,8192УББ
0119.png,1976ДӨА
0120.png,3861УБВ
0121.png,7848СҮА
0122.png,4559УБЧ
0123.png,0706ДАХ
0124.png,4448АРХ
0125.png,7077УНА
0126.png,1390УБЦ
0127.png,7888ДАР
0128.png,7058УБЭ
0129.png,6096УБҮ
0130.png,6471УНЦ
0131.png,8176УБД
0132.png,1874ТӨА
0133.png,8803УБЕ
0134.png,6486УБД
0135.png,8924УБУ
0136.png,8901УНЭ
0137.png,7117ДАА
0138.png,4481УНӨ
0139.png,5026ДАХ
0140.png,3670УБЛ
0141.png,4976УБД
0142.png,4341УНЗ
0143.png,5463ДАА
0144.png,7135УНБ
0145.png,5752ДАР
0146.png,8457ДАХ
0147.png,8624УБС
0148.png,3701УНЛ
0149.png,9090ДАА
0150.png,2200БУА
0151.png,8417УНЧ
0152.png,7021СЭА
0153.png,6665ОРА
0154.png,8348УНЯ
0155.png,7854ДАХ
0156.png,1627УБЭ
0157.png,2695УНП
0158.png,6305УНН
0159.png,7812ТӨА
0160.png,3567УБЛ
0161.png,2776УБЗ
0162.png,5537УБҮ
0163.png,5958СБА
0164.png,0334УНС
0165.png,3790УНМ
0166.png,8688УБӨ
0167.png,2000УБД
0168.png,1833ДАХ
0169.png,1611ХӨҮ
0170.png,5227УНП
0171.png,1166СЭА
0172.png,1236ОРХ
0173.png,0246УНП
0174.png,2941УБК
0175.png,0721ОРО
0176.png,2952УНК
0177.png,6881ДӨА
0178.png,0079ДАА
0179.png,1411УНЯ
0180.png,0902УБО
0181.png,6001УБГ
0182.png,9979ОРА
0183.png,8193УБЦ
0184.png,5280СЭА
0185.png,8164УБЭ
0186.png,1331ОРХ
0187.png,8630ДАХ
0188.png,9455УБЧ
0189.png,9203УНБ
0190.png,4178УНК
0191.png,3935УНЕ
0192.png,9952УБХ
0193.png,6891УББ
0194.png,1108УБВ
0195.png,1690УНМ
0196.png,9755УНЦ
0197.png,4385УБЦ
0198.png,9465ДАХ
0199.png,0546УНБ
0200.png,2837ТӨВ
0201.png,4396УБР
0202.png,4882ОРО
0203.png,4782УНН
0204.png,1580ОРА
0205.png,4390ДӨА
0206.png,2145УНТ
0207.png,4863УНҮ
0208.png,9108УБВ
0209.png,7679УБЭ
0210.png,9194СЭҮ
0211.png,4122УБЦ
0212.png,3687ДАР
0213.png,8856УББ
0214.png,5899ТӨА
0215.png,0742ОРА
0216.png,0494СЭА
0217.png,0567УНВ
0218.png,0301УБХ
0219.png,3589СЭА
0220.png,3640УБН
0221.png,5785ТӨВ
0222.png,5107УБЗ
0223.png,6780УНХ
0224.png,5139СЭҮ
0225.png,0894УББ
0226.png,2121УНО
0227.png,0677УБО
0228.png,5007УНП
0229.png,5377СЭҮ
0230.png,5547УБГ
0231.png,5938УБС
0232.png,7337ДАА
0233.png,3741УБА
0234.png,6311УБТ
0235.png,3054УНҮ
0236.png,7072УБГ
0237.png,9275УБР
0238.png,9399БӨА
0239.png,3646УНЦ
0240.png,3724УНЕ
0241.png,6568БУЛ
0242.png,9014УНТ
0243.png,3554УБМ
0244.png,3444ОРХ
0245.png,1204ОРХ
0246.png,7337ОРА
0247.png,8459ДАР
0248.png,3887УБЦ
0249.png,4036ДАР
0250.png,8402УБХ
0251.png,7347УБГ
0252.png,8256УБЧ
0253.png,4798УБҮ
0254.png,1748УБЦ
0255.png,1662ДӨА
0256.png,5552УНЦ
0257.png,8647ХӨА
0258.png,2209ДАА
0259.png,7708ОРА
0260.png,9330УБҮ
0261.png,3176ДӨВ
0262.png,6671УНЗ
0263.png,4283БРА
0264.png,8199УНИ
0265.png,7134УНК
0266.png,8448БУЛ
0267.png,5935УБД
0268.png,1535ХӨҮ
0269.png,0455УНЦ
0270.png,0924УБҮ
0271.png,5089СЭҮ
0272.png,0583ДАХ
0273.png,1326ОРА
0274.png,3284УБЧ
0275.png,4396УБР
0276.png,1548УБЯ
0277.png,0134ОРО
0278.png,4563ОРХ
0279.png,7085УНӨ
0280.png,1019ОРА
0281.png,5104УБП
0282.png,4107УБС
0283.png,3868УНУ
0284.png,6868ДАР
0285.png,2896УНӨ
0286.png,4388УБЗ
0287.png,7434УНА
0288.png,9888ДАА
0289.png,3304УБӨ
0290.png,9550УБА
0291.png,8424УБЧ
0292.png,4048УНА
0293.png,3001БУА
0294.png,6195УБТ
0295.png,3749УБВ
0296.png,9557УНП
0297.png,0865УБН
0298.png,7452УБД
0299.png,0291ХӨА
0300.png,0983УНУ
0301.png,3226УБЯ
0302.png,5661СЭА
0303.png,6264ХӨА
0304.png,4620ОРО
0305.png,4024УБО
0306.png,3437УБЕ
0307.png,1026УНХ
0308.png,1384УНР
0309.png,8979УБГ
0310.png,0818УНР
0311.png,5097ОРХ
0312.png,5176УБД
0313.png,1611ДАР
0314.png,8806УНН
0315.png,9796УНБ
0316.png,2101ДАР
0317.png,4311УНА
0318.png,3431ТӨА
0319.png,5850ДАР
0320.png,2478УБЗ
0321.png,8806УНН
0322.png,6732ТӨВ
0323.png,1133СЭҮ
0324.png,0087СЭА
0325.png,4887ТӨВ
0326.png,8955УНС
0327.png,8016УБМ
0328.png,4132ДАР
0329.png,2677УНТ
0330.png,2077УБС
0331.png,0903БРА
0332.png,6654УНЕ
0333.png,3797ДАР
0334.png,6447СЭҮ
0335.png,7412УБТ
0336.png,0669ОРХ
0337.png,5166УНМ
0338.png,0170УБУ
0339.png,1058ОРХ
0340.png,2002ОРО
0341.png,0629УБД
0342.png,0539УНД
0343.png,9495ОРО
0344.png,7778УБҮ
0345.png,6620УНУ
0346.png,2770УНХ
0347.png,5691УНЯ
0348.png,5005ОРХ
0349.png,7405УБМ
0350.png,1447УНЧ
0351.png,5733УБЗ
0352.png,6147ДАР
0353.png,5058ХӨҮ
0354.png,9358УНК
0355.png,7492УНГ
0356.png,0865СЭА
0357.png,7874УНИ
0358.png,7788УНЯ
0359.png,2223УНР
0360.png,9420УБС
0361.png,1843УБЭ
0362.png,3529СЭҮ
0363.png,0632УБК
0364.png,3863УНН
0365.png,0002УБЯ
0366.png,0087УБӨ
0367.png,3112ТӨА
0368.png,0509СЭА
0369.png,1700ДАР
0370.png,4882ДАХ
0371.png,0747УНК
0372.png,0997ДАР
0373.png,2030ДАР
0374.png,2703УНЯ
0375.png,4300ОРО
0376.png,5776УБН
0377.png,6866УНП
0378.png,4715ДАР
0379.png,3042СЭҮ
0380.png,6016ДАР
0381.png,0662УНГ
0382.png,5972УБН
0383.png,9158УБД
0384.png,0677УБО
0385.png,1447ТӨВ
0386.png,3804ДАР
0387.png,4173УНК
0388.png,7891СЭҮ
0389.png,9645ДӨА
0390.png,2381ОРО
0391.png,8585ДАР
0392.png,7016УБВ
0393.png,7673СЭҮ
0394.png,2996УБК
0395.png,5634УБК
0396.png,5563СЭА
0397.png,4589УНК
0398.png,7213ОРХ
0399.png,2541УБЦ
0400.png,5537ДАХ
0401.png,9894УНЗ
0402.png,1993УНВ
0403.png,2326УБП
0404.png,6453УНЭ
0405.png,9390УБД
0406.png,3933УБЭ
0407.png,8419УБР
0408.png,9783СЭҮ
0409.png,0392УБВ
0410.png,0136ДАХ
0411.png,6497УБК
0412.png,1107ТӨҮ
0413.png,3058УНП
0414.png,0106БУА
0415.png,0269ДАР
0416.png,7846УНҮ
0417.png,2030ДАР
0418.png,8491СЭА
0419.png,2433УБТ
0420.png,7116УНЛ
0421.png,4735УНП
0422.png,0947УНИ
0423.png,4983ОРХ
0424.png,2401УНӨ
0425.png,2529УНЯ
0426.png,4006УНН
0427.png,4001УНХ
0428.png,6953ДАХ
0429.png,6438УБУ
0430.png,5762УНА
0431.png,3114УНР
0432.png,3155ОРХ
0433.png,4360УБТ
0434.png,0072УББ
0435.png,1151ДАА
0436.png,9830УНУ
0437.png,5985УБӨ
0438.png,6797СЭҮ
0439.png,6122УНВ
0440.png,0577ДАР
0441.png,0066УНЯ
0442.png,4830ХӨА
0443.png,0234УНН
0444.png,6671УНЗ
0445.png,3259УБО
0446.png,5552УНЦ
0447.png,0383ОРА
0448.png,5163УНД
0449.png,1916УНЯ
0450.png,1539УБУ
0451.png,2235УНЭ
0452.png,3384УБЛ
0453.png,3597УНВ
0454.png,6237УНЧ
0455.png,6565ДАА
0456.png,3897БУЛ
0457.png,7526СЭҮ
0458.png,1525БУЛ
0459.png,4930УНУ
0460.png,4263УБИ
0461.png,3335УНЗ
0462.png,5671УНС
0463.png,2472УБО
0464.png,0538УБМ
0465.png,6767УНА
0466.png,0463УНЕ
0467.png,8873УБВ
0468.png,0777ОРА
0469.png,9582ДАХ
0470.png,4486УНА
0471.png,6801ДАХ
0472.png,6570УНЛ
0473.png,0443УНХ
0474.png,9779СЭА
0475.png,0496УБҮ
0476.png,9365ДАХ
0477.png,3786ТӨВ
0478.png,6729УНХ
0479.png,3968СЭА
0480.png,7062УНҮ
0481.png,0676УБД
0482.png,7972УНЗ
0483.png,0717УНЭ
0484.png,8367УБҮ
0485.png,3861УНС
0486.png,7717ОРО
0487.png,3397УНҮ
0488.png,1539УБЗ
0489.png,2118ТӨВ
0490.png,4879ОРО
0491.png,4859УНТ
0492.png,4508УНВ
0493.png,4873УБЛ
0494.png,5049ОРО
0495.png,9847УБД
0496.png,5816ХӨА
0497.png,8855УНН
0498.png,6990ДАР
0499.png,0717ДАА
0500.png,4063СБА
0501.png,4984ДАР
0502.png,4534УНК
0503.png,5224УНК
0504.png,9928УБВ
0505.png,1209ТӨВ
0506.png,1164УБТ
0507.png,9500УБТ
0508.png,7927УБЦ
0509.png,7223ТӨА
0510.png,5120ДАР
0511.png,6400ОРО
0512.png,3431УБМ
0513.png,6088ТОА
0514.png,1340УНО
0515.png,3724УНЕ
0516.png,7135УНВ
0517.png,1427УБЭ
0518.png,6086УНЗ
0519.png,2494УБЯ
0520.png,8604УБЕ
0521.png,1962УНО
0522.png,2333ДАА
0523.png,5526УБП
0524.png,8803УБЕ
0525.png,4443ОРО
0526.png,8050УБЭ
0527.png,4809СЭҮ
0528.png,5721ДАХ
0529.png,1199УНЭ
0530.png,5885УНН
0531.png,3362ОРА
0532.png,3561УНР
0533.png,6506УНМ
0534.png,7808УБЛ
0535.png,6544УБЯ
0536.png,1241УНХ
0537.png,5594СЭА
0538.png,2652СЭҮ
0539.png,8305УНЕ
0540.png,3510УНЛ
0541.png,1645УНК
0542.png,5463ДАА
0543.png,9635СБА
0544.png,1125ОРО
0545.png,4597ТӨВ
0546.png,0886ДАХ
0547.png,9587УНТ
0548.png,8473УНЕ
0549.png,3802ДАХ
0550.png,8735ДӨА
0551.png,7962ТӨА
0552.png,6839УНЗ
0553.png,1331ОРХ
0554.png,0676УБД
0555.png,1049ОРО
0556.png,6645УБЦ
0557.png,1703ОРА
0558.png,0511УНВ
0559.png,0231УБН
0560.png,0210ОРО
0561.png,7108ДАР
0562.png,0598СЭА
0563.png,6582ДАХ
0564.png,4557УБК
0565.png,1991ДАА
0566.png,9673УБТ
0567.png,0958УНС
0568.png,1572УНӨ
0569.png,2847ДАХ
0570.png,4844УБТ
0571.png,1628ДБР
0572.png,9620УБС
0573.png,6769УНК
0574.png,5082УБЯ
0575.png,4713УНЭ
0576.png,2294УБО
0577.png,0783ДАХ
0578.png,7253ОРХ
0579.png,1663УБО
0580.png,8496УНП
0581.png,9847УБД
0582.png,4462УНА
0583.png,4396УБР
0584.png,1282УБТ
0585.png,2250УБӨ
0586.png,3816УБГ
0587.png,1128УНЕ
0588.png,5432УБЯ
0589.png,7301ДАР
0590.png,6279ДӨА
0591.png,4141ДАР
0592.png,6808УБМ
0593.png,3160СЭА
0594.png,1181ОРА
0595.png,4020УНЗ
0596.png,4176УБП
0597.png,2434УБП
0598.png,1800СБА
0599.png,4990УБП
0600.png,0238СЭА
0601.png,7819СЭҮ
0602.png,8219УБЗ
0603.png,2235УНЦ
0604.png,5859УБХ
0605.png,3666УБЗ
0606.png,3160УНЕ
0607.png,1132ОРХ
0608.png,5177УБЛ
0609.png,9097ТӨА
0610.png,7810УНИ
0611.png,1296УНҮ
0612.png,5559СЭҮ
0613.png,0944УБА
0614.png,8965СЭА
0615.png,7604УБТ
0616.png,3684ОРХ
0617.png,9757УНЕ
0618.png,5888УНХ
0619.png,5769ТӨВ
0620.png,4784УНА
0621.png,5730УНБ
0622.png,8817УБТ
0623.png,1635УНЭ
0624.png,9758УБВ
0625.png,5507УБД
0626.png,4313УБЯ
0627.png,3988ОРА
0628.png,4549ДАР
0629.png,1655УБЭ
0630.png,0865УБН
0631.png,2342УБГ
0632.png,9009УБИ
0633.png,4709ДӨА
0634.png,9514УНЦ
0635.png,5097ОРХ
0636.png,9687УБЧ
0637.png,0841УНУ
0638.png,9394ТӨА
0639.png,6733ДАХ
0640.png,7040УБЧ
0641.png,2697УНВ
0642.png,5104УБП
0643.png,1936ОРО
0644.png,4284УБК
0645.png,1116СБА
0646.png,4686СЭА
0647.png,8142УНЧ
0648.png,9150ДАР
0649.png,7516ДАР
0650.png,1797УБЭ
0651.png,7835УБҮ
0652.png,8418ХӨВ
0653.png,5327УБӨ
0654.png,4617ДАР
0655.png,6564ХӨҮ
0656.png,4764УБЯ
0657.png,7111УНЧ
0658.png,0693УБУ
0659.png,7724УБВ
0660.png,2737СЭА
0661.png,1670УБЕ
0662.png,2652СЭҮ
0663.png,0677БУА
0664.png,5618УБИ
0665.png,4069СЭА
0666.png,5178УНВ
0667.png,8399ДАР
0668.png,6779УБЕ
0669.png,1522УНУ
0670.png,5040СЭҮ
0671.png,5661СЭА
0672.png,8570УНЯ
0673.png,3640УБН
0674.png,2795УБО
0675.png,4141ДАР
0676.png,5555УБК
0677.png,2378ДАР
0678.png,1087УНС
0679.png,2839УНГ
0680.png,4554УНӨ
0681.png,2785УБӨ
0682.png,9966УБЧ
0683.png,4951УБЧ
0684.png,6643УБО
0685.png,4644ДАР
0686.png,6671УНЗ
0687.png,1849УНК
0688.png,5218ДАР
0689.png,9460УНА
0690.png,1777УБИ
0691.png,3242УНС
0692.png,0753ДАР
0693.png,0689ОРХ
0694.png,4589УНК
0695.png,2403ДАР
0696.png,3138ОРА
0697.png,9670УББ
0698.png,4994БУА
0699.png,7858УНС
0700.png,0668УБУ
0701.png,5248УНР
0702.png,2478ДАХ
0703.png,8479ДАХ
0704.png,3223УНВ
0705.png,0920УБО
0706.png,3554УБМ
0707.png,6490УБЕ
0708.png,4298УНС
0709.png,1481УНГ
0710.png,8858ОРХ
0711.png,0389УБЦ
0712.png,0854УНГ
0713.png,2337УББ
0714.png,6211ДАР
0715.png,2183СЭА
0716.png,4398ТӨВ
0717.png,2928ДАХ
0718.png,8122УБП
0719.png,2020ОРХ
0720.png,9394ТӨА
0721.png,2434УБП
0722.png,9911СБА
0723.png,2175ДӨВ
0724.png,8568ХӨҮ
0725.png,2467ДАР
0726.png,3797ТӨА
0727.png,8875УББ
0728.png,5678ОРО
0729.png,0865УБН
0730.png,5041ДНӨ
0731.png,1713УНУ
0732.png,2205УНР
0733.png,8978УНЭ
0734.png,7442УББ
0735.png,8544УБХ
0736.png,0825УБН
0737.png,5798УБТ
0738.png,3632УНЯ
0739.png,7437УНГ
0740.png,0947УНИ
0741.png,1324УНЧ
0742.png,0612ОРА
0743.png,3870УБД
0744.png,6547УНИ
0745.png,4545СЭА
0746.png,8809ДАХ
0747.png,5603УНИ
0748.png,0106БНА
0749.png,8784УБО
0750.png,4329УНЧ
0751.png,5485УБВ
0752.png,3571УНӨ
0753.png,8098УНС
0754.png,2823БУА
0755.png,5026ДАХ
0756.png,5520ТӨА
0757.png,8868ТӨА
0758.png,2827УНЕ
0759.png,7104СЭҮ
0760.png,0298УНЧ
0761.png,0321УБХ
0762.png,0104УБҮ
0763.png,7011УБЭ
0764.png,9964УБӨ
0765.png,1835УБЛ
0766.png,5443УББ
0767.png,2636УБИ
0768.png,2377ДАР
0769.png,0715СЭА
0770.png,9778УНБ
0771.png,3023СЭА
0772.png,1463УБЛ
0773.png,9045УНИ
0774.png,3180УНЗ
0775.png,0539УНЕ
0776.png,1107ДӨҮ
0777.png,1542СЭҮ
0778.png,6968ОРХ
0779.png,3804ДАР
0780.png,7269УБН
0781.png,3802УБЭ
0782.png,0941УБТ
0783.png,3297УБЦ
0784.png,1723СЭА
0785.png,9447УНЛ
0786.png,4275УБП
0787.png,2922УББ
0788.png,0160ДАР
0789.png,9599УБЦ
0790.png,6544УНК
0791.png,6354УНИ
0792.png,6000ОРХ
0793.png,7228УНС
0794.png,7638УБА
0795.png,0025ТӨВ
0796.png,0301УБХ
0797.png,2311УНА
0798.png,4054УНЧ
0799.png,1606УНМ
0800.png,9163ОРО
0801.png,6049ТӨА
0802.png,9097ТӨА
0803.png,1609УБА
0804.png,9616УБЧ
0805.png,9748УНИ
0806.png,1204ОРХ
0807.png,5721ДАХ
0808.png,8600УБА
0809.png,0848ОРХ
0810.png,5224УНК
0811.png,7574УНЯ
0812.png,4484УНТ
0813.png,7769УБХ
0814.png,1742ДАР
0815.png,4951УБЧ
0816.png,4434УБУ
0817.png,3648УБЭ
0818.png,4597ТӨВ
0819.png,5099УНЯ
0820.png,5051СБА
0821.png,4307УНБ
0822.png,0686ОРО
0823.png,9990ТӨВ
0824.png,9892УНР
0825.png,6247УБО
0826.png,0893УБЦ
0827.png,5934ДАР
0828.png,3067ТӨД
0829.png,3168ОРХ
0830.png,7206ДАР
0831.png,3699ДАХ
0832.png,9147УБЛ
0833.png,0312ТӨВ
0834.png,5108УНД
0835.png,9838УБЭ
0836.png,9647ДАР
0837.png,6521УНН
0838.png,4925УНЕ
0839.png,6797СЭҮ
0840.png,2843ОРО
0841.png,7690УБЯ
0842.png,4631УБЕ
0843.png,1423ДУА
0844.png,5639УНЭ
0845.png,5944УБҮ
0846.png,4872ОРО
0847.png,3774УБГ
0848.png,3459ДАР
0849.png,7734УБА
0850.png,8896СЭА
0851.png,5634УНС
0852.png,0800УНЧ
0853.png,0881УНЯ
0854.png,1181УБЗ
0855.png,9486ДАР
0856.png,3553СЭА
0857.png,9489УБГ
0858.png,0808ДАР
0859.png,9809ХӨҮ
0860.png,5465СЭА
0861.png,8862УНА
0862.png,7890УНТ
0863.png,8586УНН
0864.png,0161ХӨА
0865.png,0205УБС
0866.png,4654УБД
0867.png,5682ТӨВ
0868.png,2820БУЛ
0869.png,0688УНА
0870.png,3297УНТ
0871.png,2050ДАА
0872.png,0546УББ
0873.png,5663ОРО
0874.png,2808УНЛ
0875.png,1813УНВ
0876.png,4988УНӨ
0877.png,5144УБЕ
0878.png,1794ТӨВ
0879.png,7498ОРА
0880.png,6655ДАА
0881.png,0059СББ
0882.png,1838ДАР
0883.png,4010УНД
0884.png,1026УНД
0885.png,7897УБЕ
0886.png,5545ТӨА
0887.png,3634УНӨ
0888.png,0458УНИ
0889.png,6881ТӨА
0890.png,9124УНК
0891.png,2018УБМ
0892.png,4854ТӨА
0893.png,5685ХӨҮ
0894.png,8784УБО
0895.png,7675СЭА
0896.png,2706УБЕ
0897.png,8459ДАР
0898.png,8775УБЛ
0899.png,1278УНГ
0900.png,8981УНС
0901.png,6689УНТ
0902.png,6504СЭҮ
0903.png,0624УБТ
0904.png,9387УБУ
0905.png,0059СБА
0906.png,7583ДАР
0907.png,2880ДӨА
0908.png,1655ХӨҮ
0909.png,0173УБА
0910.png,0170УБУ
0911.png,0847ОРО
0912.png,3589УНМ
0913.png,0771ОРО
0914.png,4415УНЯ
0915.png,0335УБӨ
0916.png,8989УНМ
0917.png,6534СЭҮ
0918.png,3997УБЛ
0919.png,1727СЭА
0920.png,9803САХ
0921.png,7130УНВ
0922.png,4850ДАХ
0923.png,3433УБҮ
0924.png,6878ДАР
0925.png,6083ТӨА
0926.png,9612УНЛ
0927.png,8196УБЕ
0928.png,6028УНО
0929.png,3953УБЛ
0930.png,7080УНЭ
0931.png,0002УНИ
0932.png,8445УНМ
0933.png,5623УБҮ
0934.png,5281УНТ
0935.png,0192УНЯ
0936.png,2621УНӨ
0937.png,2811УБУ
0938.png,0616УНА
0939.png,8866ТӨА
0940.png,6649УНЛ
0941.png,1011СЭА
0942.png,4176СЭҮ
0943.png,5712УБУ
0944.png,6764УБӨ
0945.png,3610УБЭ
0946.png,5777УБВ
0947.png,9158УНР
0948.png,2218ТӨВ
0949.png,2088ДАР
0950.png,3569СЭА
0951.png,9654УНП
0952.png,7602УНГ
0953.png,1166ОРО
0954.png,6580СЭА
0955.png,8020ОРА
0956.png,0124ОРО
0957.png,0041УББ
0958.png,4476УНЧ
0959.png,2443ТӨВ
0960.png,7912УБД
0961.png,4384ДАХ
0962.png,0002ОРХ
0963.png,7212УБЭ
0964.png,4493УНБ
0965.png,8349УБД
0966.png,3569СЭА
0967.png,9647ДАР
0968.png,7525УНЦ
0969.png,1754УБӨ
0970.png,8098УНС
0971.png,9867ОРО
0972.png,2293СЭҮ
0973.png,2843ОРА
0974.png,1114УНП
0975.png,3176ДӨВ
0976.png,8054УБН
0977.png,9803ДАХ
0978.png,0068ОРА
0979.png,9272УБҮ
0980.png,5761БРА
0981.png,8713УБН
0982.png,9963УНХ
0983.png,9894УНЗ
0984.png,8446УНД
0985.png,9534УБО
0986.png,6959УБХ
0987.png,9515ДӨА
0988.png,5988УНТ
0989.png,9200ДАР
0990.png,1211УБЦ
0991.png,3749ДАХ
0992.png,7101УБЭ
0993.png,2585ХӨҮ
0994.png,8304ДАР
0995.png,4747ДАР
0996.png,8977УБУ
0997.png,7780УНӨ
0998.png,7201УББ
0999.png,2380УБД
1000.png,2835ДАХ
1001.png,9097ТӨА
1002.png,7649БУА
1003.png,1846УНҮ
1004.png,3878ДАХ
1005.png,4799УНМ
1006.png,1590УБИ
1007.png,1134УБП
1008.png,6024УБЭ
1009.png,7172УНА
1010.png,4844УБТ
1011.png,1082ДАХ
1012.png,3842УБИ
1013.png,7615УБҮ
1014.png,8460УНК
1015.png,8572УНЧ
1016.png,9901УБЯ
1017.png,0697УНО
1018.png,4866УНӨ
1019.png,7737УНИ
1020.png,1125СЭА
1021.png,1126ДАХ
1022.png,0572СЭА
1023.png,3790УНМ
1024.png,1138УНИ
1025.png,7377УНО
1026.png,4171УБӨ
1027.png,8210ОРО
1028.png,5097СЭА
1029.png,9068УБМ
1030.png,8185УБР
1031.png,3433УБҮ
1032.png,0918УНЭ
1033.png,1175УНР
1034.png,0039УНЕ
1035.png,4359УНБ
1036.png,6200ӨВР
1037.png,8089ХӨА
1038.png,0459СЭҮ
1039.png,6436УБП
1040.png,0269УБМ
1041.png,1445УБХ
1042.png,3851ДАХ
1043.png,6928УБО
1044.png,0008СЭҮ
1045.png,7679УБЭ
1046.png,7917ТӨА
1047.png,5024БУА
1048.png,2890УНЕ
1049.png,4262УБТ
1050.png,3716ТӨВ
1051.png,0071ДАР
1052.png,1311СЭА
1053.png,0900УНС
1054.png,0282ТӨА
1055.png,3669ОРО
1056.png,6933ДАХ
1057.png,5430ТӨВ
1058.png,2102ТӨВ
1059.png,9937УБА
1060.png,5903УНА
1061.png,0734БРА
1062.png,7729ДАХ
1063.png,0390ДБХ
1064.png,8487БУЛ
1065.png,0551ХӨА
1066.png,5002УНЦ
1067.png,9782СЭА
1068.png,2064УБД
1069.png,1419УНУ
1070.png,0246УБП
1071.png,2959УНЯ
1072.png,7267УНБ
1073.png,0941УБТ
1074.png,6049УӨА
1075.png,5048УББ
1076.png,0026СЭА
1077.png,4353УНҮ
1078.png,9377ДБР
1079.png,6933ДАХ
1080.png,3897ДАР
1081.png,2015ЗАА
1082.png,6373УНВ
1083.png,0895СЭА
1084.png,4280ДАХ
1085.png,0726УБВ
1086.png,8544УНЭ
1087.png,4804СЭА
1088.png,7618ОРО
1089.png,4509УНА
1090.png,9636ДАХ
1091.png,5030УНЗ
1092.png,1872ДАР
1093.png,7999ДАР
1094.png,4837ОРО
1095.png,0690ОРХ
1096.png,3052УНЧ
1097.png,5342ОРО
1098.png,1238ОРО
1099.png,6782УБК
1100.png,0517УНД
1101.png,5020УНЛ
1102.png,2691ОРО
1103.png,3919УББ
1104.png,1163УНА
1105.png,5958ТӨВ
1106.png,9796ОРА
1107.png,5003УБЭ
1108.png,9168УБТ
1109.png,7591ДБР
1110.png,6624ТӨВ
1111.png,3753УНР
1112.png,4696УНЗ
1113.png,7210УБЧ
1114.png,0444ДАХ
1115.png,1989УНӨ
1116.png,8770УБР
1117.png,5015УБИ
1118.png,1107ТӨҮ
1119.png,3512УНБ
1120.png,4167УНҮ
1121.png,0301УБХ
1122.png,6417СЭА
1123.png,1645УНД
1124.png,3336ДАХ
1125.png,1991БУА
1126.png,6105УНС
1127.png,0333СББ
1128.png,8132ХЭҮ
1129.png,4265СЭҮ
1130.png,1573УНУ
1131.png,0079СЭҮ
1132.png,2560ХӨА
1133.png,1022ОРО
1134.png,5395ДӨҮ
1135.png,8633ТӨА
1136.png,5958ДӨВ
1137.png,8320УНЧ
1138.png,7488УБР
1139.png,2652СЭҮ
1140.png,4283БРА
1141.png,4309УНУ
1142.png,2754УБЛ
1143.png,1419УНУ
1144.png,5776УБН
1145.png,0623УБЯ
1146.png,0057УНН
1147.png,8616УНЭ
1148.png,8392УНМ
1149.png,8426ДАР
1150.png,9756УНН
1151.png,8991ОРХ
1152.png,6257СЭА
1153.png,7407УБЦ
1154.png,1482СЭА
1155.png,0980ТӨА
1156.png,9556ДАР
1157.png,4327УБК
1158.png,9632ДАР
1159.png,1154ОРО
1160.png,5009ДАА
1161.png,4561УНМ
1162.png,9904УНӨ
1163.png,1815УНЛ
1164.png,2688УБН
1165.png,5391СЭА
1166.png,4059УБМ
1167.png,5079ОРА
1168.png,5353СББ
1169.png,0349ТӨА
1170.png,2264УНЛ
1171.png,3013УНК
1172.png,2624УНА
1173.png,0076УБР
1174.png,2877ЗАА
1175.png,3588СЭА
1176.png,9853УБӨ
1177.png,4346СЭА
1178.png,5476ТӨА
1179.png,0655ДАР
1180.png,5981УНМ
1181.png,3535УБГ
1182.png,6619УБН
1183.png,0394УБГ
1184.png,7016УБВ
1185.png,1236УБӨ
1186.png,1396СЭҮ
1187.png,1241УНХ
1188.png,5204УНЕ
1189.png,7300УНС
1190.png,6945ДАУ
1191.png,3714УНБ
1192.png,9333УБҮ
1193.png,0353УНГ
1194.png,5970ОРА
1195.png,3171УБВ
1196.png,5479УБА
1197.png,0001ДАР
1198.png,6217УНТ
1199.png,4486УНА
1200.png,5209УНЭ
1201.png,8790СЭҮ
1202.png,5224УНК
1203.png,0990СЭҮ
1204.png,3733УНЛ
1205.png,0070ОРА
1206.png,6100УНЭ
1207.png,3256УБК
1208.png,0558СЭА
1209.png,2843ОРО
1210.png,1976ДӨА
1211.png,8509УНҮ
1212.png,9787УБТ
1213.png,2181УБК
1214.png,0816ДБР
1215.png,9511УНР
1216.png,2901СЭА
1217.png,6907УБЦ
1218.png,8902СЭА
1219.png,7626УНҮ
1220.png,6618УНБ
1221.png,5672ТӨА
1222.png,8276УБК
1223.png,0908АРХ
1224.png,2628ТӨВ
1225.png,0910УБЧ
1226.png,6782УБН
1227.png,3333ОРО
1228.png,7724УБВ
1229.png,9980УНЛ
1230.png,6150ДОА
1231.png,9533СЭА
1232.png,1949УНО
1233.png,8012УНУ
1234.png,8381УБО
1235.png,2107УБҮ
1236.png,3214ДАР
1237.png,0111УНИ
1238.png,8234УНД
1239.png,9148УБТ
1240.png,4636УБЧ
1241.png,8358УБТ
1242.png,2529УНЯ
1243.png,5442УНЦ
1244.png,6836УНҮ
1245.png,8054СЭҮ
1246.png,5858ОРО
1247.png,9879УБО
1248.png,1029УНУ
1249.png,3716ТӨВ
1250.png,5395ТӨҮ
1251.png,7754УНВ
1252.png,1416УНЕ
1253.png,8772УНЛ
1254.png,0055ДАР
1255.png,7695ОРО
1256.png,8938УНН
1257.png,2004УНД
1258.png,5112ДАР
1259.png,5988УНТ
1260.png,3037УНТ
1261.png,2342УНӨ
1262.png,1300ДАА
1263.png,3119УНЯ
1264.png,7776УНА
1265.png,0012УНП
1266.png,0635УБН
1267.png,3833УНЧ
1268.png,8635УБМ
1269.png,4525ТӨВ
1270.png,1398СЭҮ
1271.png,0844УБЕ
1272.png,9447УНЛ
1273.png,8045УНБ
1274.png,4983УНН
1275.png,0088ХӨВ
1276.png,0301УБХ
1277.png,0172СЭҮ
1278.png,3504УБӨ
1279.png,4911УНХ
1280.png,2037УНҮ
1281.png,8320УНЧ
1282.png,8888ДАХ
1283.png,1326ОРА
1284.png,0551ХӨА
1285.png,6910УНД
1286.png,0115ТӨА
1287.png,8185ЗАА
1288.png,7575УБМ
1289.png,2869УНӨ
1290.png,2643УНВ
1291.png,3892УНВ
1292.png,7842ДӨА
1293.png,2002СЭА
1294.png,3176ТӨВ
1295.png,1469СЭА
1296.png,9592УБҮ
1297.png,5577УНЕ
1298.png,4346СЭА
1299.png,3321УНО
1300.png,0005ДАА
1301.png,6247УНҮ
1302.png,8898УНИ
1303.png,5694УНЦ
1304.png,6267ДАР
1305.png,3836ОРО
1306.png,4370ОРХ
1307.png,9764УНЭ
1308.png,5835УНЦ
1309.png,8591УНЦ
1310.png,6486УНИ
1311.png,2368СБА
1312.png,2015ЗАА
1313.png,9541УНМ
1314.png,4750УНС
1315.png,0141УНЭ
1316.png,5709ТӨА
1317.png,6199УББ
1318.png,4188УНС
1319.png,4000ТӨВ
1320.png,8428УНР
1321.png,2661УБО
1322.png,7673СЭҮ
1323.png,1032УБЛ
1324.png,4265СЭҮ
1325.png,9044СЭА
1326.png,0873УБС
1327.png,2748УББ
1328.png,3790УНМ
1329.png,5282СЭА
1330.png,1428СЭА
1331.png,0147УНӨ
1332.png,7574УНМ
1333.png,6895УБЯ
1334.png,6910УНО
1335.png,8402УБХ
1336.png,8634ОРО
1337.png,7676УБИ
1338.png,3347ОРО
1339.png,0831ДАР
1340.png,2328УБР
1341.png,5633ДАР
1342.png,2485УНГ
1343.png,3304УНӨ
1344.png,0066УБТ
1345.png,5111ДАА
1346.png,1204ОРО
1347.png,4948УНЧ
1348.png,6529УНТ
1349.png,2273ТӨВ
1350.png,0933УНЛ
1351.png,9358УНК
1352.png,8633ТӨА
1353.png,4110УНК
1354.png,6177ОРХ
1355.png,5538УБО
1356.png,3866ОРА
1357.png,0522ТӨВ
1358.png,9486СЭҮ
1359.png,8308ОРХ
1360.png,8968УНЭ
1361.png,0333УНҮ
1362.png,9714СЭА
1363.png,4393БУЛ
1364.png,7508СЭҮ
1365.png,9011УБЗ
1366.png,2613БНА
1367.png,0057СБА
1368.png,4346СЭА
1369.png,7574УНМ
1370.png,7911ОРХ
1371.png,5018УНЕ
1372.png,3529СЭҮ
1373.png,9366УНТ
1374.png,1608ХӨҮ
1375.png,4393БУЛ
1376.png,3349ДАР
1377.png,7708ДАХ
1378.png,0743УНҮ
1379.png,7091УНО
1380.png,1794ТӨБ
1381.png,2032ДАХ
1382.png,4447ДАА
1383.png,7961СЭҮ
1384.png,4226УНҮ
1385.png,6088ТӨА
1386.png,0060ОРХ
1387.png,9939ДАР
1388.png,1754УБӨ
1389.png,7892УНЦ
1390.png,6713УНИ
1391.png,3264УНЧ
1392.png,0079СБА
1393.png,6985ОРО
1394.png,5465УНИ
1395.png,3384ТӨА
1396.png,6468СЭА
1397.png,0257ДАР
1398.png,1919СББ
1399.png,4617ДАР
1400.png,2727СЭА
1401.png,6468ДАР
1402.png,2239УНЦ
1403.png,1232СЭҮ
1404.png,1882ОРО
1405.png,2567ТӨВ
1406.png,9099ДАХ
1407.png,3198УНН
1408.png,5177УБЛ
1409.png,7642УБО
1410.png,6295ХӨҮ
1411.png,4279УНМ
1412.png,5733УБЗ
1413.png,6055УБУ
1414.png,1147ОРХ
1415.png,9785УНҮ
1416.png,4974УБИ
1417.png,5291ДУА
1418.png,8379УНХ
1419.png,9667УНТ
1420.png,9277УНО
1421.png,1180УБД
1422.png,7210УБМ
1423.png,9646УНЧ
1424.png,8012УБЭ
1425.png,0303СБА
1426.png,4848УБЯ
1427.png,4745ТӨВ
1428.png,4475ТӨВ
1429.png,0046УНЧ
1430.png,0416УНВ
1431.png,4332УБМ
1432.png,6928УБО
1433.png,5055ДАР
1434.png,5177УБЛ
1435.png,0794УНВ
1436.png,6279ТӨА
1437.png,9007ДАР
1438.png,5139СЭҮ
1439.png,3582БУЛ
1440.png,6083УБУ
1441.png,2454СЭА
1442.png,0570УБД
1443.png,5041УНӨ
1444.png,9759СЭА
1445.png,3974УНЭ
1446.png,7393УБГ
1447.png,6126АРА
1448.png,7629ДБР
1449.png,5372ДАР
1450.png,4973УНЦ
1451.png,0980ТӨА
1452.png,5214УБД
1453.png,0446УБН
1454.png,1677УБЗ
1455.png,4851ДАР
1456.png,7281УБЭ
1457.png,3693СЭА
1458.png,1126УБК
1459.png,6106УБА
1460.png,4755ОРО
1461.png,0640УБС
1462.png,5555ОРА
1463.png,4345ДАР
1464.png,2409УБИ
1465.png,5044ХӨА
1466.png,1973УБУ
1467.png,9715СЭА
1468.png,1939УНК
1469.png,3147УНР
1470.png,7845УБӨ
1471.png,2921УБЭ
1472.png,1162ОРО
1473.png,6872УБЛ
1474.png,8821УБА
1475.png,1510ДАХ
1476.png,6165УНЦ
1477.png,0598СЭА
1478.png,0072УББ
1479.png,4413УНГ
1480.png,1961УБО
1481.png,0487ДАР
1482.png,6368ОРХ
1483.png,9235УБГ
1484.png,6208УНЦ
1485.png,0739ДГА
1486.png,1307ТӨВ
1487.png,7247ДАХ
1488.png,4905УБС
1489.png,3870УНИ
1490.png,5735ДАР
1491.png,3997УНВ
1492.png,5492УНТ
1493.png,1304ДАХ
1494.png,6903УНС
1495.png,1130ОРО
1496.png,2628УБУ
1497.png,1163УНА
1498.png,5545ТӨА
1499.png,0009ДӨҮ
1500.png,4346СЭА
1501.png,2833УБК
1502.png,2352УББ
1503.png,8044СЭА
1504.png,4848ОРА
1505.png,1274ДАР
1506.png,5003СЭА
1507.png,1785УБО
1508.png,8728УБГ
1509.png,9075УБК
1510.png,3173ОРА
1511.png,5044ДАХ
1512.png,7291ОРХ
1513.png,7135УНБ
1514.png,1539УБЗ
1515.png,3378УНП
1516.png,7162УБН
1517.png,0272ЗАН
1518.png,1893УНЗ
1519.png,7969УНХ
1520.png,9073УБН
1521.png,4218БРА
1522.png,1288ДАР
1523.png,3014ДАХ
1524.png,2057УБӨ
1525.png,9091ОРХ
1526.png,6563УБО
1527.png,0010СЭҮ
1528.png,2372УБУ
1529.png,0025ТӨВ
1530.png,8190ДАХ
1531.png,6286ОРХ
1532.png,2421СЭА
1533.png,1107ТӨҮ
1534.png,1014УБМ
1535.png,1514ДАХ
1536.png,5107УНИ
1537.png,0989ОРХ
1538.png,0820УБА
1539.png,0170УБУ
1540.png,7138УНВ
1541.png,6539ДАР
1542.png,4854СЭҮ
1543.png,0814УБТ
1544.png,6671УНЗ
1545.png,4443ДАА
1546.png,8388СЭҮ
1547.png,8827УБГ
1548.png,0327ДАР
1549.png,7062УНҮ
1550.png,0737УБЕ
1551.png,4069СЭА
1552.png,5227ТӨА
1553.png,2044ТӨА
1554.png,5282СЭА
1555.png,0546УНБ
1556.png,2186УБЕ
1557.png,6968ОРХ
1558.png,3545УБД
1559.png,1337ОРХ
1560.png,3870УБД
1561.png,1308УНЕ
1562.png,1617ДАА
1563.png,9127УБҮ
1564.png,2333ДАА
1565.png,8108УБЦ
1566.png,0141УНБ
1567.png,0296ДАР
1568.png,7437УНЧ
1569.png,9277УНИ
1570.png,4030УНЛ
1571.png,4037УНБ
1572.png,9486ДАР
1573.png,9680УНВ
1574.png,2719СЭҮ
1575.png,1989УНӨ
1576.png,8393ДАА
1577.png,9502ДАР
1578.png,3660УНЗ
1579.png,5257УБЕ
1580.png,5356УНҮ
1581.png,9621ОРО
1582.png,9333УБК
1583.png,5286ХӨҮ
1584.png,8073УНГ
1585.png,5549УБА
1586.png,0752УНЧ
1587.png,4048УНА
1588.png,9167УБС
1589.png,6910ТӨА
1590.png,2925УНК
1591.png,6888СЭҮ
1592.png,4091УНН
1593.png,4614УНТ
1594.png,2422УНЭ
1595.png,2770УНХ
1596.png,5716УБД
1597.png,2753ДАР
1598.png,3376УБҮ
1599.png,8328ТӨВ
1600.png,8551УНА
1601.png,7974УБМ
1602.png,1051УБЭ
1603.png,8862УНА
1604.png,8447БУЛ
1605.png,1158УНМ
1606.png,2410ОРО
1607.png,4280УБП
1608.png,1399УНЛ
1609.png,7523УНП
1610.png,4908УБС
1611.png,9913СЭА
1612.png,3539УБХ
1613.png,4213УБЕ
1614.png,8538УНЛ
1615.png,4567ОРО
1616.png,7773СБА
1617.png,0688УБК
1618.png,9358ДАХ
1619.png,8396БАА
1620.png,0770СББ
1621.png,1125СЭА
1622.png,6141УБА
1623.png,6194БНА
1624.png,4572УБЯ
1625.png,4604УВА
1626.png,7889УБД
1627.png,1412ОРО
1628.png,4738ОРО
1629.png,1205ХӨҮ
1630.png,3333ОРО
1631.png,4048УБЭ
1632.png,8970УНД
1633.png,4079УБГ
1634.png,8240УНЦ
1635.png,2118ТӨВ
1636.png,3441УБМ
1637.png,6876УНД
1638.png,5849ДАР
1639.png,5555УБЭ
1640.png,4307ТӨА
1641.png,6873ДАР
1642.png,2333УНК
1643.png,3716ТӨВ
1644.png,0948УНВ
1645.png,0580УНВ
1646.png,5422ТӨА
1647.png,9783СЭҮ
1648.png,0022УБС
1649.png,0525УБЧ
1650.png,4993ДАХ
1651.png,7975УБИ
1652.png,2042УНК
1653.png,8259УБУ
1654.png,3686ДАР
1655.png,2119УНП
1656.png,5065ДАХ
1657.png,3062УБЭ
1658.png,0778ОРО
1659.png,5300ОРО
1660.png,1116УНУ
1661.png,4491ОРА
1662.png,2851ДАХ
1663.png,9627УНЕ
1664.png,6073ДАР
1665.png,7404УНЛ
1666.png,4513ХӨА
1667.png,4238УБИ
1668.png,2008ДАА
1669.png,2299ДАА
1670.png,3935УНК
1671.png,4581УНК
1672.png,8575УБЛ
1673.png,3019АРХ
1674.png,6070ДАА
1675.png,3063УБП
1676.png,8913УНА
1677.png,0181УБЦ
1678.png,8205УНС
1679.png,2007ОРХ
1680.png,0646УНХ
1681.png,9155УНИ
1682.png,3176ТӨВ
1683.png,3887УБЦ
1684.png,3773УБҮ
1685.png,0200УБГ
1686.png,4272СБА
1687.png,3637ДАР
1688.png,5634УБР
1689.png,4545ДАР
1690.png,4093УНР
1691.png,7293СЭА
1692.png,5876УБЦ
1693.png,6521СЭА
1694.png,2865УБД
1695.png,8242ТӨА
1696.png,5161ДАР
1697.png,3567УНИ
1698.png,1873ДАР
1699.png,2488ХӨҮ
1700.png,8692УНИ
1701.png,1644ДАР
1702.png,5009УБЦ
1703.png,80213МР
1704.png,5015УБИ
1705.png,1555ОРА
1706.png,0630ДГО
1707.png,4430УБҮ
1708.png,1412УНВ
1709.png,5260ОРА
1710.png,1259ХӨҮ
1711.png,0087ОРА
1712.png,0666СЭА
1713.png,8986СЭҮ
1714.png,0070ХЭА
1715.png,1461УБХ
1716.png,6572СЭА
1717.png,7016УБВ
1718.png,3825УБО
1719.png,3664УНГ
1720.png,7783ОРХ
1721.png,0546УББ
1722.png,1573УНК
1723.png,3176ТӨВ
1724.png,1705ОРО
1725.png,1166ДАХ
1726.png,8815УНО
1727.png,6279ТӨА
1728.png,2691УНГ
1729.png,6165УБЗ
1730.png,4434УБУ
1731.png,0959УНО
1732.png,7485УБМ
1733.png,6057УНВ
1734.png,6090УНӨ
1735.png,1410УНБ
1736.png,9004ОРА
1737.png,4940ОРХ
1738.png,4892УБЕ
1739.png,8080ХӨҮ
1740.png,9658УБЛ
1741.png,7586УБК
1742.png,7021СЭА
1743.png,1422ДАА
1744.png,4099УБН
1745.png,2642УНҮ
1746.png,5580УНИ
1747.png,1342ОРО
1748.png,7746УНД
1749.png,8217ДАР
1750.png,0522ТӨВ
1751.png,6776СЭҮ
1752.png,5424СЭА
1753.png,1310СБА
1754.png,9821УНС
1755.png,6624ТӨВ
1756.png,1503СЭА
1757.png,4298ДАР
1758.png,2072ДАХ
1759.png,9701УНУ
1760.png,4512УБЛ
1761.png,2289УБР
1762.png,2250УБК
1763.png,4455УНГ
1764.png,6105УБЧ
1765.png,2404ДАР
1766.png,5131УНА
1767.png,4273УНД
1768.png,9574УБК
1769.png,9645УБР
1770.png,9603УНР
1771.png,8996УБН
1772.png,3443УБМ
1773.png,4307ДӨА
1774.png,7693УНБ
1775.png,1288УБЦ
1776.png,5367ДАХ
1777.png,3509УНТ
1778.png,3669ОРО
1779.png,7188УБР
1780.png,8902УНР
1781.png,1447УБР
1782.png,6991СЭҮ
1783.png,9144ОРО
1784.png,9670УББ
1785.png,8781СЭА
1786.png,6528СЭҮ
1787.png,0574СЭА
1788.png,3132УБС
1789.png,3556УБД
1790.png,1587УНЦ
1791.png,1700ОРХ
1792.png,4022УНЛ
1793.png,2144УНС
1794.png,2892ОРО
1795.png,1621УБС
1796.png,3739СЭА
1797.png,8697УНГ
1798.png,8304ДАР
1799.png,0689УБУ
1800.png,2759УНЛ
1801.png,2041УБД
1802.png,2261УНП
1803.png,4534УНК
1804.png,8644УНЛ
1805.png,3824УБД
1806.png,1102УНЧ
1807.png,9177УБМ
1808.png,2628ТӨВ
1809.png,7473ТӨА
1810.png,2271УНТ
1811.png,1956ТӨВ
1812.png,4525УНС
1813.png,7812ТӨА
1814.png,4781УНЗ
1815.png,8760УНГ
1816.png,8735ТӨА
1817.png,5358ОРХ
1818.png,9295УБИ
1819.png,5656УНХ
1820.png,6119ДАХ
1821.png,6786УНЗ
1822.png,2022ДАА
1823.png,8990ХӨА
1824.png,0350УНЕ
1825.png,3069СБА
1826.png,8977УБУ
1827.png,6372УНЦ
1828.png,0772ДАХ
1829.png,4858ОРО
1830.png,7745УНИ
1831.png,9447УНЛ
1832.png,0932ДАР
1833.png,0509УНЦ
1834.png,2505УБЧ
1835.png,0188УБГ
1836.png,0336УБЭ
1837.png,1520УНХ
1838.png,8454ДАР
1839.png,1638ТӨА
1840.png,5718УНХ
1841.png,4014УБО
1842.png,0110СЭҮ
1843.png,6795СЭА
1844.png,8806УНН
1845.png,6669ДАХ
1846.png,2421УНЧ
1847.png,4873ДАХ
1848.png,7735ХӨҮ
1849.png,4946ДАР
1850.png,7848СҮА
1851.png,6940СЭА
1852.png,8029УБО
1853.png,7049УБЦ
1854.png,2443СЭА
1855.png,4477УБУ
1856.png,6005СЭА
1857.png,0322УНХ
1858.png,8633ТӨА
1859.png,2422ОРХ
1860.png,5883УБА
1861.png,2279ОРО
1862.png,0787УБХ
1863.png,4772УБҮ
1864.png,0507ОРА
1865.png,0356УБЭ
1866.png,4113УБТ
1867.png,1700ДАР
1868.png,2685УНЭ
1869.png,1006ДАХ
1870.png,0504УБВ
1871.png,7492УНГ
1872.png,5288ТӨҮ
1873.png,6666СЭҮ
1874.png,1116УБД
1875.png,0951ТӨВ
1876.png,1184ДАХ
1877.png,1212УНЭ
1878.png,2424УНМ
1879.png,8422ДАХ
1880.png,9197УБП
1881.png,4357УБМ
1882.png,9798УНУ
1883.png,1573УНК
1884.png,8055УНВ
1885.png,1956ТӨВ
1886.png,9756УНН
1887.png,4577УБР
1888.png,9616ТӨВ
1889.png,1713УНЯ
1890.png,3448УНБ
1891.png,8688УНҮ
1892.png,6455УНЯ
1893.png,8339ӨВР
1894.png,9667ТӨВ
1895.png,0741УНД
1896.png,6744ХӨВ
1897.png,8838СЭА
1898.png,1022УНИ
1899.png,4832УБУ
1900.png,6640УНУ
1901.png,0757УБМ
1902.png,7211ТӨВ
1903.png,3257ТӨВ
1904.png,0265УБУ
1905.png,1157ОРА
1906.png,6315УНҮ
1907.png,7473ТӨА
1908.png,5104УБП
1909.png,5095УНА
1910.png,0284УНС
1911.png,6008УБА
1912.png,8607УНР
1913.png,0237СЭА
1914.png,0584УНР
1915.png,9704УНТ
1916.png,5757ДӨВ
1917.png,7238УБЭ
1918.png,7960УБУ
1919.png,9472УБС
1920.png,4265УБХ
1921.png,8379ДАР
1922.png,9789УБЧ
1923.png,9407УНР
1924.png,4453УБЦ
1925.png,7317УБМ
1926.png,2764УБЛ
1927.png,6580СЭА
1928.png,3763СЭА
1929.png,3455УБЯ
1930.png,6572УБС
1931.png,1499УНГ
1932.png,7037УББ
1933.png,8857УНЭ
1934.png,0094УБС
1935.png,5137УБЭ
1936.png,2829УНТ
1937.png,0970ОРО
1938.png,4577УББ
1939.png,4598УБП
1940.png,0329УНС
1941.png,7054УНД
1942.png,4217УБЭ
1943.png,6414УБИ
1944.png,1709УНӨ
1945.png,6502УНЛ
1946.png,7970СЭА
1947.png,4037УНБ
1948.png,2488ДАР
1949.png,9821УНС
1950.png,3369ОРА
1951.png,7259УНИ
1952.png,7900СЭҮ
1953.png,6464ТӨА
1954.png,3187УНЧ
1955.png,0747УНК
1956.png,9807СЭҮ
1957.png,5807УБК
1958.png,4223УНӨ
1959.png,0353УНГ
1960.png,1317ОРХ
1961.png,3968ДАХ
1962.png,5440СЭА
1963.png,0659УНӨ
1964.png,1207ОРО
1965.png,6890УБМ
1966.png,5669СЭА
1967.png,2329УНМ
1968.png,3141ОРХ
1969.png,6444ДАР
1970.png,0596ДАР
1971.png,4755ДАХ
1972.png,0659УНӨ
1973.png,6018УБӨ
1974.png,0269ДАР
1975.png,2195УНА
1976.png,7778УБҮ
1977.png,8965УББ
1978.png,3250ТӨА
1979.png,3953УБЛ
1980.png,4839ТӨВ
1981.png,4696УНХ
1982.png,8420УБЭ
1983.png,3787ОРХ
1984.png,4163УБТ
1985.png,9779СБА
1986.png,5546ДАХ
1987.png,0622УБП
1988.png,4238УНТ
1989.png,4307УНБ
1990.png,0087УБӨ
1991.png,6504УБО
1992.png,8084ТӨА
1993.png,0079УНЯ
1994.png,3739СЭА
1995.png,0794УНВ
1996.png,6849УБЦ
1997.png,0035СЭҮ
1998.png,3961УБЗ
1999.png,0454ДАХ
2000.png,8700УНЧ
2001.png,1662ТӨА
2002.png,9175ХӨҮ
2003.png,0217УНБ
2004.png,8756ДАР
2005.png,8194УБИ
2006.png,1869УНТ
2007.png,8732УБЗ
2008.png,0155УНЗ
2009.png,4769ДАА
2010.png,2133УБЛ
2011.png,4163УБЛ
2012.png,8261УБВ
2013.png,4523УНВ
2014.png,2558УНҮ
2015.png,6170УБК
2016.png,6018УБО
2017.png,0808ДАР
2018.png,0060ОРХ
2019.png,1990ХӨҮ
2020.png,7716УНИ
2021.png,7337ДАА
2022.png,5224УНК
2023.png,4238УНП
2024.png,0676УБД
2025.png,0663УБӨ
2026.png,7394ОРХ
2027.png,6195СЭҮ
2028.png,0441ДАР
2029.png,6982УБЭ
2030.png,0662УНГ
2031.png,1788УНР
2032.png,8889ДАА
2033.png,6599УБО
2034.png,6993ТӨВ
2035.png,5249УНУ
2036.png,6723УБМ
2037.png,4866УНӨ
2038.png,7875АРА
2039.png,3743УНТ
2040.png,4477УБУ
2041.png,2242УБН
2042.png,2089УБЛ
2043.png,3102УБЦ
2044.png,9565УНЧ
2045.png,1736УБҮ
2046.png,4414ДАХ
2047.png,2245УНГ
2048.png,0669ОРХ
2049.png,7987УНЯ
2050.png,1589СБА
2051.png,5153УБГ
2052.png,9495УНЛ
2053.png,5283УНН
2054.png,5179ХЭА
2055.png,5759СЭА
2056.png,4499ДАА
2057.png,9475УНК
2058.png,9226УНН
2059.png,7980УБГ
2060.png,1118УБК
2061.png,5098УНИ
2062.png,0075УНГ
2063.png,4543УБЦ
2064.png,0177УБХ
2065.png,4747ДАР
2066.png,2023УНП
2067.png,0708ДАХ
2068.png,2791УНО
2069.png,4462СЭА
2070.png,6105УБЧ
2071.png,7228УБН
2072.png,2800УБГ
2073.png,2666УНН
2074.png,5566ОРО
2075.png,0622УБП
2076.png,6031УБО
2077.png,1090ТӨА
2078.png,1572УНӨ
2079.png,8020ОРА
2080.png,2611УНА
2081.png,8734УНО
2082.png,5394УНУ
2083.png,8974УББ
2084.png,0257УБК
2085.png,5157ДАХ
2086.png,5958ТӨВ
2087.png,0353УНЗ
2088.png,7500УВХ
2089.png,7495ДАР
2090.png,6141УНЭ
2091.png,0494СЭА
2092.png,6055УБУ
2093.png,1010СЭҮ
2094.png,3546ТӨА
2095.png,8440БУЛ
2096.png,2988УБӨ
2097.png,7542ТӨА
2098.png,4010УНД
2099.png,0694ДАХ
2100.png,6490УБТ
2101.png,6197УБМ
2102.png,4552УБТ
2103.png,2205УНР
2104.png,4191УБД
2105.png,7542ТӨА
2106.png,4634ДАХ
2107.png,2655УБД
2108.png,6244УБР
2109.png,0096ДАХ
2110.png,6731УНС
2111.png,7699ТӨА
2112.png,6736УБХ
2113.png,4379УБЭ
2114.png,5500ДАА
2115.png,5490ДГО
2116.png,4288ДАХ
2117.png,2344СЭА
2118.png,4346СЭА
2119.png,9376УБО
2120.png,0391ДГО
2121.png,9263ДАХ
2122.png,5702ДАР
2123.png,9907УБЭ
2124.png,4313УНХ
2125.png,6671УНЗ
2126.png,2663СЭҮ
2127.png,3252ТӨВ
2128.png,1317ОРХ
2129.png,7089УБЯ
2130.png,7342УНВ
2131.png,8108УБЦ
2132.png,2242УБН
2133.png,5540ДАХ
2134.png,1838УБХ
2135.png,9636УБС
2136.png,7813УНБ
2137.png,5325УБВ
2138.png,2871УБҮ
2139.png,7102УБП
2140.png,6581УБВ
2141.png,2404ДБР
2142.png,8924СЭҮ
2143.png,7467УНО
2144.png,9747ТӨВ
2145.png,7193УБВ
2146.png,1210УНТ
2147.png,2615УНП
2148.png,2772БУЛ
2149.png,8189ОРО
2150.png,7202УБИ
2151.png,8084ТӨА
2152.png,6794УНМ
2153.png,3900УНЗ
2154.png,6197УБМ
2155.png,0481УНЭ
2156.png,7896УББ
2157.png,9409ДАХ
2158.png,9088СЭА
2159.png,9969УНК
2160.png,0759ДАР
2161.png,0970ОРХ
2162.png,9298ХӨА
2163.png,1732УБВ
2164.png,3491СЭҮ
2165.png,6289УНГ
2166.png,3334СББ
2167.png,7580УБГ
2168.png,1849БРА
2169.png,6232УНЭ
2170.png,9733УНЦ
2171.png,8974УББ
2172.png,6565ОРХ
2173.png,8455ДАР
2174.png,5284УНЛ
2175.png,3005УНП
2176.png,7485УБМ
2177.png,4048УНА
2178.png,3823УБУ
2179.png,0747УНК
2180.png,7732УНЕ
2181.png,5368УБУ
2182.png,5548ХӨҮ
2183.png,4641СЭҮ
2184.png,2440СЭҮ
2185.png,5335УБС
2186.png,4467УНЭ
2187.png,1989УНӨ
2188.png,2221УБЕ
2189.png,7066ОРХ
2190.png,0839ДАХ
2191.png,4302ДАХ
2192.png,6645УНК
2193.png,7737УНИ
2194.png,7798ТӨА
2195.png,5525ТӨА
2196.png,3431ДӨВ
2197.png,8556УНҮ
2198.png,0257ДАР
2199.png,5232УБХ
2200.png,7638УБА
2201.png,2005ОРО
2202.png,3143УНС
2203.png,5643УБЛ
2204.png,1307ТӨВ
2205.png,0127УБТ
2206.png,2054УНЕ
2207.png,2655УНД
2208.png,9654УНП
2209.png,9667ТӨВ
2210.png,5005УНА
2211.png,5848ДАХ
2212.png,3104ДАХ
2213.png,6405ӨМА
2214.png,9244СЭА
2215.png,0047ДАХ
2216.png,0720УНЛ
2217.png,6079УНР
2218.png,0509УБД
2219.png,0538ТӨА
2220.png,2336УБЦ
2221.png,2264УНЛ
2222.png,8668УНА
2223.png,7234ДАХ
2224.png,2360ОРХ
2225.png,4800УБА
2226.png,3622УБЗ
2227.png,9647ДАР
2228.png,5209УБЧ
2229.png,2297ОРО
2230.png,3176ТӨВ
2231.png,0964УБЕ
2232.png,5045ДАР
2233.png,8868ТӨА
2234.png,6159УНН
2235.png,9413УБЯ
2236.png,6323УБЦ
2237.png,8620УБЗ
2238.png,3646УНЦ
2239.png,0446УБН
2240.png,9351ТӨВ
2241.png,0826УНО
2242.png,4854ТӨА
2243.png,5939УБЭ
2244.png,9820УБГ
2245.png,0394ДАХ
2246.png,5709УБС
2247.png,9395УНМ
2248.png,9093СЭА
2249.png,3970УБТ
2250.png,7201УББ
2251.png,8672ДАР
2252.png,8748УБЯ
2253.png,4389УБО
2254.png,3522УНБ
2255.png,0311ДАР
2256.png,9865УНИ
2257.png,3865УНК
2258.png,3189УБХ
2259.png,4280ДАХ
2260.png,7248ОРХ
2261.png,8639ДАР
2262.png,8387УНБ
2263.png,1302УБГ
2264.png,4348ДАР
2265.png,4660ДАХ
2266.png,8505УБХ
2267.png,9020СЭА
2268.png,2570УБЗ
2269.png,1414ОРА
2270.png,6611УБК
2271.png,6367УБТ
2272.png,5699СЭА
2273.png,4500УНС
2274.png,4657УНУ
2275.png,9670УББ
2276.png,7075УБМ
2277.png,7200УБЗ
2278.png,1301УБЗ
2279.png,2043ОБХ
2280.png,3503УБӨ
2281.png,3824УБО
2282.png,4064УБП
2283.png,7717УНИ
2284.png,6798ДАХ
2285.png,8738ДАР
2286.png,5324УНЦ
2287.png,3176ТӨВ
2288.png,5282ОРА
2289.png,7975БУА
2290.png,5855УНЦ
2291.png,9070УНР
2292.png,1313ДАХ
2293.png,0837УНМ
2294.png,7062УНҮ
2295.png,3686УНЦ
2296.png,5972УБН
2297.png,9609УНМ
2298.png,9938УБЧ
2299.png,4732УБЕ
2300.png,4056ОРА
2301.png,9103УНЗ
2302.png,8416ДАР
2303.png,3825УБО
2304.png,7412УНЧ
2305.png,9757УБЭ
2306.png,7193УБҮ
2307.png,5000СББ
2308.png,6568УНА
2309.png,3692УБЗ
2310.png,8405УНМ
2311.png,4916УБИ
2312.png,7694УНИ
2313.png,0627УНҮ
2314.png,5171ДАХ
2315.png,1025УНА
2316.png,0772УБН
2317.png,1680УБЦ
2318.png,4338ДАХ
2319.png,4068УНӨ
2320.png,1516ДАА
2321.png,9969ТӨА
2322.png,6266УНВ
2323.png,4512УБЛ
2324.png,7091УБР
2325.png,8628УНО
2326.png,2443СЭА
2327.png,9568ОРХ
2328.png,2529УНЯ
2329.png,1521ДАХ
2330.png,0083ДАР
2331.png,7533ДАР
2332.png,1133ОРО
2333.png,9288ДАХ
2334.png,9955ДАР
2335.png,4996УБХ
2336.png,5473УНИ
2337.png,2664УБӨ
2338.png,4894УНМ
2339.png,5189БУА
2340.png,8729ДАР
2341.png,6323УНР
2342.png,0789ДАР
2343.png,6655ДАХ
2344.png,3128УБЗ
2345.png,9616УНЧ
2346.png,0281ОРО
2347.png,4416УНЕ
2348.png,8328ТӨВ
2349.png,0463УНС
2350.png,3491СЭА
2351.png,8932УБН
2352.png,2091ДАР
2353.png,6295ХӨҮ
2354.png,2103УНА
2355.png,7962ТӨА
2356.png,4174ТӨА
2357.png,2478СЭҮ
2358.png,2339ОРА
2359.png,7009УБМ
2360.png,6955УБА
2361.png,9992УБС
2362.png,4334УБХ
2363.png,7721УНУ
2364.png,4998ОРА
2365.png,1706УНЗ
2366.png,7203ОРО
2367.png,8822ОРХ
2368.png,9158УБЦ
2369.png,7424ХӨА
2370.png,7894ТӨА
2371.png,1456УНЭ
2372.png,0134УНТ
2373.png,7297УБП
2374.png,0553УНБ
2375.png,5514СЭА
2376.png,1542СЭҮ
2377.png,1560УБК
2378.png,4069СЭА
2379.png,7164УБИ
2380.png,4201УБЯ
2381.png,9322УНЗ
2382.png,3391УНБ
2383.png,5362УНС
2384.png,6450УБМ
2385.png,5798УБТ
2386.png,1107ТӨҮ
2387.png,0579УНП
2388.png,3271УБЧ
2389.png,3604УНӨ
2390.png,2282БРА
2391.png,5506УБТ
2392.png,4656УБК
2393.png,2762УБР
2394.png,8605УНЭ
2395.png,9965УБС
2396.png,0903ОРА
2397.png,3121ОРА
2398.png,8227ОРХ
2399.png,6534ТӨА
2400.png,7349УНА
2401.png,5226УБИ
2402.png,0479УНЭ
2403.png,1107ТӨҮ
2404.png,5179УБЭ
2405.png,2791УНО
2406.png,5258УНӨ
2407.png,4732УНА
2408.png,7824СЭА
2409.png,6875УНЦ
2410.png,4720УНГ
2411.png,0883УБГ
2412.png,4671УБМ
2413.png,2853ОРО
2414.png,8532УБО
2415.png,3292СБА
2416.png,8575УБЛ
2417.png,9903ОРО
2418.png,7377УНО
2419.png,0708ДАХ
2420.png,7262УБЧ
2421.png,5065ДАХ
2422.png,1449СБА
2423.png,2253ДАР
2424.png,9701УНУ
2425.png,3240ОРА
2426.png,4033УНА
2427.png,5502ТӨА
2428.png,4358ДАР
2429.png,6737СЭА
2430.png,5953ОРО
2431.png,5246УНС
2432.png,6663УНЦ
2433.png,9581ӨВР
2434.png,8695ОРХ
2435.png,9526УНЦ
2436.png,0453УБМ
2437.png,5888УНУ
2438.png,8875УББ
2439.png,4790УБВ
2440.png,2800УБГ
2441.png,1089УБП
2442.png,9238УБЗ
2443.png,3832УНР
2444.png,6004ДАР
2445.png,3214ДАР
2446.png,9744ОРО
2447.png,4106УНЦ
2448.png,1063УБО
2449.png,0329ОРО
2450.png,8203УБМ
2451.png,5049УБӨ
2452.png,9147УБЛ
2453.png,8084ТӨА
2454.png,6900УБА
2455.png,7699ДАР
2456.png,8684УБА
2457.png,3171УБВ
2458.png,9498УНО
2459.png,2837ТӨА
2460.png,3557УНМ
2461.png,8809ДАХ
2462.png,2744УБЯ
2463.png,9965ДАХ
2464.png,7960УБУ
2465.png,9207ТӨА
2466.png,6294УНВ
2467.png,7565УНЭ
2468.png,9902УНУ
2469.png,9142УНИ
2470.png,1995УБМ
2471.png,5664УБЭ
2472.png,0900ДАР
2473.png,3341ОРО
2474.png,8604УБЕ
2475.png,5672ДӨА
2476.png,0736УБК
2477.png,4554УНӨ
2478.png,4976УНГ
2479.png,3252ТӨВ
2480.png,5319УНА
2481.png,4178УНН
2482.png,3801УНМ
2483.png,9975ДАР
2484.png,0905УНН
2485.png,2177УБЛ
2486.png,9697УББ
2487.png,9075УБК
2488.png,2785УБӨ
2489.png,9511УНС
2490.png,7363УНС
2491.png,0456ТӨА
2492.png,1555УБЭ
2493.png,8417УБЗ
2494.png,3874УБЗ
2495.png,0737УБЧ
2496.png,0070УНЧ
2497.png,4928ДАР
2498.png,4486УНА
2499.png,8462УНЕ
2500.png,7138УНВ
2501.png,7077УНД
2502.png,5851УБЭ
2503.png,2213УБЗ
2504.png,0336УБЭ
2505.png,2144УБТ
2506.png,2082УБП
2507.png,8688ОРА
2508.png,9890УНП
2509.png,7962ДӨА
2510.png,0710УНЕ
2511.png,0945УБУ
2512.png,1961УНЯ
2513.png,1010ДАА
2514.png,4114УНР
2515.png,8649УНЕ
2516.png,5047ОРХ
2517.png,5970ОРА
2518.png,0112УНЧ
2519.png,1571УБГ
2520.png,5352ДАХ
2521.png,6773ТӨВ
2522.png,8053УБӨ
2523.png,0598СЭА
2524.png,1795УБС
2525.png,5916УБК
2526.png,5184ДАР
2527.png,0296ДАР
2528.png,5434ТӨВ
2529.png,5352ДАХ
2530.png,4181ДАР
2531.png,1663УБО
2532.png,0877ОРА
2533.png,1814ДАР
2534.png,2128СБА
2535.png,2409УБИ
2536.png,4563ОРХ
2537.png,8858УНУ
2538.png,9168УБТ
2539.png,3901ОРА
2540.png,3855УНӨ
2541.png,9083ДУА
2542.png,9235УБГ
2543.png,4430УНЕ
2544.png,1447УНЧ
2545.png,2675УНТ
2546.png,2837ДӨА
2547.png,6922ДАХ
2548.png,9447УБЛ
2549.png,1379ДӨА
2550.png,5409ТӨВ
2551.png,6122УНЛ
2552.png,0487ДАР
2553.png,6123ДАР
2554.png,5705УНХ
2555.png,2808СЭҮ
2556.png,4458ДАР
2557.png,0094ДАР
2558.png,8491СЭА
2559.png,9487УБВ
2560.png,3798УНУ
2561.png,9187УНЧ
2562.png,4750УНС
2563.png,5395ТӨҮ
2564.png,1066УБР
2565.png,6516УНА
2566.png,0957ДГА
2567.png,4624СЭА
2568.png,1013УНН
2569.png,9513СЭА
2570.png,6038УБО
2571.png,6838УНС
2572.png,7373ДАА
2573.png,2679ТӨА
2574.png,3595ТӨА
2575.png,9395УБЗ
2576.png,0017УБМ
2577.png,6166ДАА
2578.png,1603ТӨА
2579.png,0742УБГ
2580.png,4745ТӨВ
2581.png,3025ДАР
2582.png,6797СЭҮ
2583.png,9556ДАР
2584.png,5806УНХ
2585.png,6610УНЧ
2586.png,3209ДАР
2587.png,8191УНЦ
2588.png,9619ОРО
2589.png,4971УБӨ
2590.png,7741УБЭ
2591.png,4415УНЯ
2592.png,4512УБХ
2593.png,9819УБЧ
2594.png,1721УНИ
2595.png,6978ОРО
2596.png,3158УНК
2597.png,6649УНЛ
2598.png,9909УНВ
2599.png,3932УНЧ
2600.png,4750УНС
2601.png,1732УБВ
2602.png,7848ДАХ
2603.png,6323УБЦ
2604.png,0098УНЦ
2605.png,9250УБЯ
2606.png,5507УБД
2607.png,5705УНХ
2608.png,9908СЭА
2609.png,0771УБП
2610.png,0522ТӨВ
2611.png,1796ДАР
2612.png,8182УБҮ
2613.png,7795ДАХ
2614.png,4414ДАХ
2615.png,2255ОРО
2616.png,1998СБА
2617.png,8633ТӨА
2618.png,3355ДАА
2619.png,8837ДАА
2620.png,3171УБВ
2621.png,6302СЭА
2622.png,1207ОРО
2623.png,1217ДАА
2624.png,3217УБО
2625.png,2688УБН
2626.png,6546ДАХ
2627.png,9495ДАР
2628.png,4144УБМ
2629.png,6048УНО
2630.png,5588ДАХ
2631.png,3284УБЧ
2632.png,0002УБЯ
2633.png,0986УНБ
2634.png,3804СЭҮ
2635.png,3405УНХ
2636.png,9122УНГ
2637.png,0522ТӨВ
2638.png,1985УНҮ
2639.png,1400УБГ
2640.png,7548УБЦ
2641.png,2462УБА
2642.png,8242УБЗ
2643.png,1303УНМ
2644.png,9369УНН
2645.png,0849ДАР
2646.png,1177БУА
2647.png,9034ОРХ
2648.png,9583УНМ
2649.png,3068ДАР
2650.png,1208УБН
2651.png,3512УНБ
2652.png,2164ОРА
2653.png,0329УНС
2654.png,9937УБА
2655.png,1430УНЧ
2656.png,1713УБҮ
2657.png,9541УНМ
2658.png,5884УБК
2659.png,6017ТӨВ
2660.png,4623ДАР
2661.png,2080ДБХ
2662.png,8696ОРО
2663.png,7009УНР
2664.png,1166ДАХ
2665.png,9075ДАХ
2666.png,3436УНА
2667.png,6658УНЗ
2668.png,7934УНМ
2669.png,6538УНТ
2670.png,1254УБЕ
2671.png,7761ДАХ
2672.png,9187ХӨҮ
2673.png,1956ТӨВ
2674.png,9725УБҮ
2675.png,7820УБП
2676.png,5628УНР
2677.png,2679ТӨВ
2678.png,8391УБУ
2679.png,0593ЗАН
2680.png,6836УНЦ
2681.png,2805УБЦ
2682.png,0194СЭА
2683.png,1555УБП
2684.png,2253ДӨВ
2685.png,0901СЭА
2686.png,9441СУА
2687.png,6018УБЕ
2688.png,8787ХӨҮ
2689.png,1162ОРА
2690.png,0105УНА
2691.png,5634УБР
2692.png,1133УНГ
2693.png,6138УБН
2694.png,2301УНА
2695.png,3158УНК
2696.png,4061УБЕ
2697.png,0677СЭА
2698.png,6024УБЭ
2699.png,6034ТӨА
2700.png,9723УБХ
2701.png,3098УБА
2702.png,2043УНЯ
2703.png,4571УНХ
2704.png,9947УБН
2705.png,8052УБП
2706.png,0302УНЕ
2707.png,5344СЭА
2708.png,1522ОРХ
2709.png,8388СЭҮ
2710.png,0777ОРА
2711.png,9787УБТ
2712.png,9187ХӨҮ
2713.png,5156УБО
2714.png,4654УБД
2715.png,0088СБА
2716.png,2882ДАА
2717.png,3991УНУ
2718.png,9680СЭҮ
2719.png,1308УНЕ
2720.png,9520УБГ
2721.png,0600УНО
2722.png,3597УНВ
2723.png,3309ОРХ
2724.png,2414СЭҮ
2725.png,3892УНТ
2726.png,0874ТӨВ
2727.png,5806УНҮ
2728.png,0008СЭҮ
2729.png,7942УНҮ
2730.png,9403УБП
2731.png,4961ДАР
2732.png,6553УНЛ
2733.png,2076УНН
2734.png,7141УБЭ
2735.png,6728УНМ
2736.png,1256УНМ
2737.png,9587УНТ
2738.png,8257ДАХ
2739.png,7080УНЭ
2740.png,2675УНТ
2741.png,6388УБТ
2742.png,0489УБМ
2743.png,1449УНР
2744.png,3639ДАХ
2745.png,0837УНЕ
2746.png,0461ДАР
2747.png,0329УНС
2748.png,6947ОРО
2749.png,1602УБТ
2750.png,0643ДАХ
2751.png,6085УБЦ
2752.png,9486СЭҮ
2753.png,0790ТӨА
2754.png,0431УНХ
2755.png,7044УБП
2756.png,8011ОРХ
2757.png,8036УНТ
2758.png,8266УНЦ
2759.png,2765УБҮ
2760.png,4674ОРА
2761.png,7556УББ
2762.png,3501УБӨ
2763.png,1241ОРО
2764.png,5221ДАР
2765.png,6736УБХ
2766.png,2105УБМ
2767.png,9982УБГ
2768.png,1107ТӨҮ
2769.png,6077ТӨА
2770.png,8676УНҮ
2771.png,7212УБЭ
2772.png,3668ДАХ
2773.png,8858УНВ
2774.png,0752УНМ
2775.png,4131ОРА
2776.png,8806УНН
2777.png,6055УБР
2778.png,9113УНУ
2779.png,8936УНМ
2780.png,0195ХЭА
2781.png,8645УБЗ
2782.png,1548УНЧ
2783.png,0865УНЯ
2784.png,2207УБД
2785.png,6297СЭҮ
2786.png,5000УНП
2787.png,6671УНЗ
2788.png,8394УНГ
2789.png,8178УБЧ
2790.png,7960УНЛ
2791.png,2924ОРО
2792.png,6988УНЕ
2793.png,9167УБС
2794.png,3166УНЧ
2795.png,7223ТӨА
2796.png,4365УНТ
2797.png,7272УБЛ
2798.png,9697УББ
2799.png,3688УБЛ
2800.png,3334СББ
2801.png,1133ТӨҮ
2802.png,9808УНЛ
2803.png,5221ДАХ
2804.png,5132УБЛ
2805.png,9977СЭҮ
2806.png,1604УНН
2807.png,6088УБЕ
2808.png,3401УНЦ
2809.png,0538УБВ
2810.png,2628ТӨВ
2811.png,4216ДАР
2812.png,0047УНД
2813.png,9939УНӨ
2814.png,8197ОРХ
2815.png,3222УБЯ
2816.png,4647УНП
2817.png,4774ТӨВ
2818.png,9402ДАХ
2819.png,0865УБН
2820.png,9620УБС
2821.png,3136ОРХ
2822.png,0697УНО
2823.png,4279СЭҮ
2824.png,3918УНЗ
2825.png,4664БУА
2826.png,4430УБҮ
2827.png,1328ОРХ
2828.png,5526УБП
2829.png,3175УНЭ
2830.png,4776УНК
2831.png,7159УНБ
2832.png,8735ДӨА
2833.png,2103УНА
2834.png,4996УНХ
2835.png,1177УБМ
2836.png,5785ТӨВ
2837.png,5898ДАР
2838.png,2900ОРХ
2839.png,5864СЭА
2840.png,0989ОРХ
2841.png,2731ОРО
2842.png,4747ДАР
2843.png,7180УНД
2844.png,0053ОРА
2845.png,3810ДАХ
2846.png,6888ДАА
2847.png,5099УНЯ
2848.png,8777УББ
2849.png,1942ДАХ
2850.png,7111УНЧ
2851.png,0433ОРХ
2852.png,4798БРА
2853.png,2774УБВ
2854.png,9977СЭҮ
2855.png,2425ДАА
2856.png,6061ДАХ
2857.png,9339УБЛ
2858.png,2088ДАА
2859.png,7159УНН
2860.png,1303УНА
2861.png,9138УБӨ
2862.png,3786ДАР
2863.png,1861УНЛ
2864.png,4486УНА
2865.png,0659УНӨ
2866.png,1868УБК
2867.png,9803УНД
2868.png,6679ДАР
2869.png,6679ДАР
2870.png,8558ДАР
2871.png,3712УНЛ
2872.png,2004УНХ
2873.png,9712УНД
2874.png,1777СББ
2875.png,3863УБП
2876.png,6993СЭҮ
2877.png,9064УНК
2878.png,2007ДАА
2879.png,8941УНХ
2880.png,8803УБЕ
2881.png,2247УБМ
2882.png,0296ДАР
2883.png,9892УНР
2884.png,1118УНХ
2885.png,6993ДӨВ
2886.png,8305УНБ
2887.png,2786УНЭ
2888.png,2276СЭА
2889.png,1212ДАХ
2890.png,8039УНО
2891.png,0890УНЛ
2892.png,0643УНЯ
2893.png,5003УБЭ
2894.png,2273ТӨВ
2895.png,9985УБН
2896.png,1575УБН
2897.png,5230УНХ
2898.png,0707СББ
2899.png,2999ДУЭ
2900.png,4882УНО
2901.png,9864УБМ
2902.png,4640УНМ
2903.png,1181ОРА
2904.png,9008СЭҮ
2905.png,2163УНЕ
2906.png,1808УНР
2907.png,4014УНГ
2908.png,2106ДАХ
2909.png,2959УНЯ
2910.png,7610ОРО
2911.png,0522ТӨВ
2912.png,4022УНК
2913.png,8255УНО
2914.png,7599ДАХ
2915.png,1853УБМ
2916.png,8261УБВ
2917.png,7644СЭА
2918.png,3790УБП
2919.png,4327УБК
2920.png,5670ДАР
2921.png,5509ОРО
2922.png,7511УНГ
2923.png,3464УБР
2924.png,4037УНБ
2925.png,8567УНП
2926.png,7557ДАА
2927.png,1628УНХ
2928.png,0597УНС
2929.png,1635СЭҮ
2930.png,1575УНЗ
2931.png,2124ТӨВ
2932.png,9544ДАР
2933.png,9113УБМ
2934.png,6465УНМ
2935.png,9124УНӨ
2936.png,2250УБӨ
2937.png,1555УБП
2938.png,0312СЭҮ
2939.png,0583УНЧ
2940.png,4048УНА
2941.png,3600УБЛ
2942.png,7693УНБ
2943.png,4526ДАХ
2944.png,3968УНН
2945.png,4882ДБХ
2946.png,4882ДАХ
2947.png,7111ОРХ
2948.png,2738УНЧ
2949.png,9369УНА
2950.png,0659УНӨ
2951.png,8334ДАХ
2952.png,6115ДАХ
2953.png,4824УНХ
2954.png,9488ДАР
2955.png,0048ЛЭА
2956.png,1360УНЭ
2957.png,4065ДАР
2958.png,9632ДАР
2959.png,1250ОРО
2960.png,1678УНР
2961.png,9834ӨМӨ
2962.png,0249УНӨ
2963.png,9647ДАР
2964.png,2043СЭҮ
2965.png,0837УБӨ
2966.png,0676ДАХ
2967.png,8255УНК
2968.png,5642УНТ
2969.png,1314УНЭ
2970.png,5918УНК
2971.png,7345УНЕ
2972.png,2688УБЯ
2973.png,0257УБК
2974.png,0331ДАР
2975.png,6075УНЯ
2976.png,0419УНМ
2977.png,8018ТӨА
2978.png,2801УБА
2979.png,1677УНВ
2980.png,0662УНГ
2981.png,7975УНУ
2982.png,2360ОРХ
2983.png,3790УНМ
2984.png,9613УНР
2985.png,9938УНС
2986.png,2908УНЭ
2987.png,5588ДАХ
2988.png,7234ДАХ
2989.png,6530УНТ
2990.png,6197УНС
2991.png,2377ДБР
2992.png,8218ДАР
2993.png,9057УБЯ
2994.png,7488УВА
2995.png,3036УНЕ
2996.png,8234УБК
2997.png,4131ОРА
2998.png,0522ТӨВ
2999.png,5107УБЗ
3000.png,9696УНӨ
3001.png,0301УБЕ
3002.png,4897УБӨ
3003.png,7546УБЗ
3004.png,2583УНҮ
3005.png,3707УНУ
3006.png,2995УНН
3007.png,6891УББ
3008.png,3302УБЗ
3009.png,1723УНК
3010.png,4363ДАХ
3011.png,5200ДӨВ
3012.png,4758УНН
3013.png,9097ТӨА
3014.png,4623ДАР
3015.png,0083УБҮ
3016.png,3152ДАХ
3017.png,4570УБМ
3018.png,7155ОРА
3019.png,1186БНА
3020.png,4298УНС
3021.png,6570УНЛ
3022.png,8308УБХ
3023.png,6089ТӨА
3024.png,2355УНС
3025.png,0723ОРО
3026.png,8868ТӨА
3027.png,4755ОРО
3028.png,2207УБС
3029.png,0819УБА
3030.png,1773УБН
3031.png,0690СЭА
3032.png,5247ДАХ
3033.png,2842УНХ
3034.png,7644СЭА
3035.png,5296СЭА
3036.png,8151ОРО
3037.png,3883УНГ
3038.png,2066ДАР
3039.png,0098УНИ
3040.png,0999СЭҮ
3041.png,6199УББ
3042.png,1422СЭА
3043.png,3518УНР
3044.png,7649ДАХ
3045.png,3648УБЭ
3046.png,4190УБО
3047.png,9158УБД
3048.png,8543УБЧ
3049.png,5886УБД
3050.png,7646УБЗ
3051.png,9067УБК
3052.png,5030УБС
3053.png,3074УНТ
3054.png,7239УНЭ
3055.png,6899УНЕ
3056.png,1500УНХ
3057.png,7130УНВ
3058.png,7592УНЛ
3059.png,4196УНО
3060.png,0742УБГ
3061.png,3341БУК
3062.png,4575УНЗ
3063.png,8548УБГ
3064.png,0284УНС
3065.png,8770УБР
3066.png,1990ХӨҮ
3067.png,5236ТӨВ
3068.png,2323ОРХ
3069.png,0999СЭҮ
3070.png,4945УНЭ
3071.png,2868ДАР
3072.png,8139УНӨ
3073.png,2282УНМ
3074.png,4446УБМ
3075.png,4393УБХ
3076.png,4377УББ
3077.png,3017УБИ
3078.png,6802СЭҮ
3079.png,5935УБТ
3080.png,9732УНӨ
3081.png,0035СЭҮ
3082.png,1138ОРО
3083.png,8299УБВ
3084.png,6545СЭҮ
3085.png,1998СБА
3086.png,8394УБҮ
3087.png,4036ДАР
3088.png,9524УБЕ
3089.png,3237ОРХ
3090.png,5035УБЯ
3091.png,5239ДАР
3092.png,4367УБТ
3093.png,9003УНО
3094.png,3887УБЦ
3095.png,5395ТӨҮ
3096.png,8288УНҮ
3097.png,6511ДАР
3098.png,0320СЭА
3099.png,5583ОРХ
3100.png,0083ДАР
3101.png,1477УБИ
3102.png,1531ДАР
3103.png,2617УБЗ
3104.png,6348ДАР
3105.png,1207ОРО
3106.png,7328ДАР
3107.png,4265СЭҮ
3108.png,8170УБС
3109.png,1804ДАР
3110.png,6024СЭҮ
3111.png,5519СБА
3112.png,5145ДАХ
3113.png,7089УБО
3114.png,8353ОРХ
3115.png,3690УНД
3116.png,8500ДАА
3117.png,2049СЭА
3118.png,2138УНҮ
3119.png,8379УНА
3120.png,5619ОРО
3121.png,1696УБИ
3122.png,8896СЭА
3123.png,2880ТӨА
3124.png,6392УНЦ
3125.png,5455УНН
3126.png,0459УНМ
3127.png,5659ТӨВ
3128.png,2154УНЧ
3129.png,6164СЭА
3130.png,1045УНК
3131.png,8846ДАХ
3132.png,7770ОРО
3133.png,4975УНП
3134.png,6360УНП
3135.png,2043УБХ
3136.png,2195УНА
3137.png,4201УБЯ
3138.png,3235УБА
3139.png,7323ХӨВ
3140.png,7512УББ
3141.png,5656ТӨҮ
3142.png,9377ДАР
3143.png,0107УБЧ
3144.png,7016УБВ
3145.png,0675ДАР
3146.png,6824УНЭ
3147.png,2227УНП
3148.png,2638ГСА
3149.png,8239УБО
3150.png,2462ДАР
3151.png,4935ДАХ
3152.png,0069СББ
3153.png,1288ДАР
3154.png,3888УББ
3155.png,6759ОРО
3156.png,0865УБХ
3157.png,0099СББ
3158.png,1959ДАА
3159.png,8668УНА
3160.png,2472БУЛ
3161.png,2270БРА
3162.png,7955УБҮ
3163.png,5784УБД
3164.png,5041УБТ
3165.png,7165ОРО
3166.png,4947УБЛ
3167.png,8866СЭА
3168.png,9613УНП
3169.png,4989ОРО
3170.png,8799СЭҮ
3171.png,3788УНЕ
3172.png,8082УНЗ
3173.png,3539УБХ
3174.png,2632УБЗ
3175.png,8221УНО
3176.png,5958ТӨВ
3177.png,0444ДАХ
3178.png,7048УБЦ
3179.png,5211УБМ
3180.png,9062УБҮ
3181.png,0579УНП
3182.png,5396ДАР
3183.png,6096УБҮ
3184.png,1556ОРО
3185.png,9379УНС
3186.png,3871УНӨ
3187.png,1869ОРО
3188.png,6229УБУ
3189.png,0789ДАР
3190.png,4073УБО
3191.png,5891УНС
3192.png,5627ДБХ
3193.png,0782ТӨА
3194.png,5511УНО
3195.png,2387ОРА
3196.png,3571УНВ
3197.png,3442ДАР
3198.png,9976ОРО
3199.png,7446УНЦ
3200.png,5104УБП
3201.png,3595ТӨА
3202.png,9795ХОА
3203.png,5372ОРХ
3204.png,3519УНБ
3205.png,1040ОРО
3206.png,2094ОРА
3207.png,5695УБК
3208.png,2632УБЗ
3209.png,8913СЭҮ
3210.png,1711УНЭ
3211.png,7242УБН
3212.png,4849УБД
3213.png,9668УНЯ
3214.png,5202УНО
3215.png,6317СЭҮ
3216.png,3020УНХ
3217.png,9073УБН
3218.png,9272УБВ
3219.png,0300ДАР
3220.png,3832УНР
3221.png,7085УНӨ
3222.png,2890УБГ
3223.png,9537УНР
3224.png,8898СББ
3225.png,4747ДАР
3226.png,2617УБЗ
3227.png,9144УБЧ
3228.png,8207УНД
3229.png,3790УНМ
3230.png,8927СЭА
3231.png,9053ОРО
3232.png,7108УБГ
3233.png,0181УБЦ
3234.png,0482СЭҮ
3235.png,3574УНӨ
3236.png,3269ТӨВ
3237.png,0777ОРА
3238.png,9894УНЗ
3239.png,1819УБМ
3240.png,8089УНЗ
3241.png,0280УНС
3242.png,7670ДӨА
3243.png,2462ДАР
3244.png,8479ДАХ
3245.png,8139УНӨ
3246.png,7033ОРО
3247.png,5775УБП
3248.png,2443ТӨВ
3249.png,2691УНГ
3250.png,2050УБЕ
3251.png,9124УНБ
3252.png,7279УНК
3253.png,6504СЭҮ
3254.png,1888СЭА
3255.png,8628УБЗ
3256.png,9171УБС
3257.png,4425СЭА
3258.png,2007ДАР
3259.png,8857УБТ
3260.png,0600ДАР
3261.png,8403УБН
3262.png,8511УБХ
3263.png,9880УБЗ
3264.png,3664УНГ
3265.png,6895СЭА
3266.png,0018ДАР
3267.png,0002БУА
3268.png,9749СЭА
3269.png,4685УБП
3270.png,3707УНО
3271.png,6090УНӨ
3272.png,4912УБЧ
3273.png,3788УНЕ
3274.png,7693УНБ
3275.png,5058УБП
3276.png,3374УНР
3277.png,9659ДАР
3278.png,1895СБА
3279.png,6844ДАР
3280.png,6212УВА
3281.png,0004УББ
3282.png,9093УБС
3283.png,2553ДАА
3284.png,4954ДАР
3285.png,1763УНЭ
3286.png,3020СБА
3287.png,5232УБХ
3288.png,9678УБХ
3289.png,1327УБЭ
3290.png,5546ДАР
3291.png,7305УНХ
3292.png,9928УБВ
3293.png,4847УНМ
3294.png,5176ХНС
3295.png,1727СЭА
3296.png,6833УБЯ
3297.png,4864УНМ
3298.png,4606УНА
3299.png,2282УНМ
3300.png,3043УБӨ
3301.png,2299ДАА
3302.png,8462УНЕ
3303.png,5005УНА
3304.png,1413УНК
3305.png,6914УБП
3306.png,5082УБЯ
3307.png,7321УНС
3308.png,7424СЭА
3309.png,9269УНӨ
3310.png,9647ДАР
3311.png,1639СЭА
3312.png,5371ДАР
3313.png,0301УБХ
3314.png,6768ОРХ
3315.png,9886НӨҮ
3316.png,2525УБУ
3317.png,3819ДАР
3318.png,5056ХӨВ
3319.png,7183ДАХ
3320.png,0449УБМ
3321.png,7159УНБ
3322.png,2162ДАР
3323.png,1682УНЦ
3324.png,4948УНЧ
3325.png,7702ӨВР
3326.png,5009УНН
3327.png,0522ТӨВ
3328.png,6938УБҮ
3329.png,5787ДАХ
3330.png,6659УНБ
3331.png,8330УНР
3332.png,6530УНТ
3333.png,4265СЭҮ
3334.png,8566ДАР
3335.png,8146ДАР
3336.png,5680УБӨ
3337.png,0217УБР
3338.png,5258УНӨ
3339.png,4372ДАХ
3340.png,1296УНҮ
3341.png,0208СЭҮ
3342.png,0328ХЭА
3343.png,4283УНВ
3344.png,0598СЭА
3345.png,4969ӨВО
3346.png,0995УБО
3347.png,5149УББ
3348.png,7677ОРХ
3349.png,4769УБА
3350.png,3841ОРХ
3351.png,7745УБГ
3352.png,5698УБР
3353.png,0226ТӨА
3354.png,3515УБЦ
3355.png,2937УБГ
3356.png,8122УБП
3357.png,6127УБК
3358.png,1430УНЧ
3359.png,5111ДАХ
3360.png,1413СЭҮ
3361.png,8760УБЧ
3362.png,0481УНЕ
3363.png,9980УНЛ
3364.png,3017ОРА
3365.png,1056УББ
3366.png,7501УБМ
3367.png,8990ОРХ
3368.png,0750ОРХ
3369.png,9515ДӨА
3370.png,3052УНЧ
3371.png,6367УБТ
3372.png,0321УБХ
3373.png,4647УНП
3374.png,0027ДАА
3375.png,0980ДАХ
3376.png,5387ДАР
3377.png,7147УНИ
3378.png,3918УНЗ
3379.png,0281ДАХ
3380.png,1209ТӨВ
3381.png,2186УБД
3382.png,6089УНТ
3383.png,3449УНЦ
3384.png,5151ДАА
3385.png,8054УБН
3386.png,1068УБГ
3387.png,7767СЭҮ
3388.png,1066ДАХ
3389.png,3313УНА
3390.png,0079УБА
3391.png,5188УНС
3392.png,0918УНЭ
3393.png,1632УБЛ
3394.png,2726ДАХ
3395.png,2667УНЦ
3396.png,7101УНМ
3397.png,6199ОРА
3398.png,5556УБА
3399.png,6185УБА
3400.png,1178УБЛ
3401.png,4809СЭҮ
3402.png,7198ОРХ
3403.png,5972ТӨА
3404.png,8619УНМ
3405.png,3319ТӨА
3406.png,5764УНМ
3407.png,7723УБП
3408.png,9495УНЛ
3409.png,6940СЭА
3410.png,5057УНҮ
3411.png,6148УБП
3412.png,5204ОРА
3413.png,8494УБН
3414.png,4003УНЭ
3415.png,9853УБӨ
3416.png,5982УНБ
3417.png,2122УНД
3418.png,0909УБЗ
3419.png,3981ДАР
3420.png,3501УБӨ
3421.png,9277УНИ
3422.png,1107ДӨҮ
3423.png,3204УНЛ
3424.png,7552УББ
3425.png,4151УБХ
3426.png,3308ОРО
3427.png,0522ТӨВ
3428.png,7022УБЛ
3429.png,8313УБИ
3430.png,3686ДАР
3431.png,4845ТӨВ
3432.png,4606УНА
3433.png,4923УНТ
3434.png,0270УНА
3435.png,3487УНӨ
3436.png,8084УНО
3437.png,9070УНР
3438.png,9963УНХ
3439.png,3122ОРХ
3440.png,9103СЭА
3441.png,2808УНЛ
3442.png,2665УБУ
3443.png,3376ДАХ
3444.png,9894УНЗ
3445.png,7049УНТ
3446.png,2166УБИ
3447.png,1126ДАХ
3448.png,1754БРА
3449.png,9073УБН
3450.png,1400СБА
3451.png,2323УБГ
3452.png,5986УБЗ
3453.png,1548УБЯ
3454.png,7456УБЦ
3455.png,7108ДАР
3456.png,9441СЭА
3457.png,3146ДАР
3458.png,8351СЭҮ
3459.png,0002УБЯ
3460.png,9749СЭА
3461.png,0238УНЕ
3462.png,3031УБӨ
3463.png,8395УНЯ
3464.png,5881УБЕ
3465.png,4718ТӨВ
3466.png,3214УБЛ
3467.png,2665УБА
3468.png,4598УБЛ
3469.png,4519УНТ
3470.png,5224УБГ
3471.png,4151УБХ
3472.png,5745УНН
3473.png,4433УНБ
3474.png,9182БУА
3475.png,1414ХЦА
3476.png,0880УБӨ
3477.png,4686ОРХ
3478.png,6904ТӨВ
3479.png,2025УБЦ
3480.png,7459ОРО
3481.png,8735ТӨА
3482.png,4604УВА
3483.png,3398ДӨВ
3484.png,6938УБҮ
3485.png,3178ХӨВ
3486.png,4963ДБХ
3487.png,5940УБЛ
3488.png,9347УБН
3489.png,7442УББ
3490.png,0088ТӨВ
3491.png,7656УБТ
3492.png,0364УНИ
3493.png,9354УНП
3494.png,4409УБИ
3495.png,3260УБЛ
3496.png,9980УБС
3497.png,6732ТӨВ
3498.png,1002УБИ
3499.png,5886УБД
3500.png,2250ОРО
3501.png,0858ДАР
3502.png,4356УНЦ
3503.png,7285УБҮ
3504.png,7804УНД
3505.png,6886УНВ
3506.png,7232УБҮ
3507.png,2891СЭА
3508.png,6498УБС
3509.png,2860УНС
3510.png,4854ОРХ
3511.png,3423ОРХ
3512.png,5502УНЦ
3513.png,9539УБВ
3514.png,5790УНӨ
3515.png,9137УБП
3516.png,0761ОРХ
3517.png,5668ТӨВ
3518.png,5798УНС
3519.png,9563УНД
3520.png,8789СЭА
3521.png,6062УНИ
3522.png,0054СБА
3523.png,7112УНГ
3524.png,8209УБЗ
3525.png,6950УБС
3526.png,4223УНӨ
3527.png,4988УНӨ
3528.png,0418ДАР
3529.png,2602УНТ
3530.png,6450УБМ
3531.png,7484ОРО
3532.png,8430ОРО
3533.png,5236ТӨВ
3534.png,2874СЭҮ
3535.png,9272УБВ
3536.png,6806УБН
3537.png,3314УНЭ
3538.png,8328УНХ
3539.png,3761УБР
3540.png,7557ДАА
3541.png,9924УНӨ
3542.png,3670УБЛ
3543.png,7000БУЛ
3544.png,3923УБН
3545.png,2280УБА
3546.png,5512СЭҮ
3547.png,1723СЭА
3548.png,3504УБӨ
3549.png,0282ТӨА
3550.png,0684УБР
3551.png,2439УНТ
3552.png,8142ТӨА
3553.png,8957ДАХ
3554.png,9754УНЕ
3555.png,6998УНН
3556.png,4292ТӨВ
3557.png,6701УНП
3558.png,4872УБА
3559.png,8953УНЗ
3560.png,6148УБЦ
3561.png,6655ОРХ
3562.png,5555УНН
3563.png,7892УНЦ
3564.png,0301УБХ
3565.png,3750УБР
3566.png,6989УБТ
3567.png,8324УБР
3568.png,4928ДАР
3569.png,0265УБУ
3570.png,3376УБҮ
3571.png,5716УБД
3572.png,4646УББ
3573.png,8220УБҮ
3574.png,0626ОРА
3575.png,6110УБЭ
3576.png,2289УБР
3577.png,4872ДАХ
3578.png,1961УНБ
3579.png,2930ТӨВ
3580.png,1971УНЧ
3581.png,0414УБХ
3582.png,7391ДАХ
3583.png,2631УНЦ
3584.png,4357УНӨ
3585.png,1277ДӨВ
3586.png,9964УБХ
3587.png,2882СЭҮ
3588.png,8543УБЗ
3589.png,4165УБЛ
3590.png,7486УББ
3591.png,5126СЭА
3592.png,9253УБҮ
3593.png,2333ДАА
3594.png,5910УНЗ
3595.png,2437УНГ
3596.png,6083УБУ
3597.png,7459СЭҮ
3598.png,6049ТӨА
3599.png,3037УНС
3600.png,4826ОРА
3601.png,2652СЭҮ
3602.png,9447УНЛ
3603.png,9283ДАР
3604.png,0461УНД
3605.png,8609ОРХ
3606.png,7818УБӨ
3607.png,5537УБЭ
3608.png,2462УНМ
3609.png,6671УНЗ
3610.png,4749ОРА
3611.png,5028УНК
3612.png,0724УБМ
3613.png,4302ДАХ
3614.png,9073УБН
3615.png,9763УНТ
3616.png,7752ДАХ
3617.png,7291ТӨА
3618.png,7035ДАР
3619.png,4614УНИ
3620.png,1000ДӨА
3621.png,9550УБА
3622.png,3304ХӨВ
3623.png,2330ДАА
3624.png,7095СЭА
3625.png,9393ОРО
3626.png,7021СЭА
3627.png,8588ДБХ
3628.png,8054УБН
3629.png,3349ДАР
3630.png,1376УНР
3631.png,9293СЭҮ
3632.png,4279СЭҮ
3633.png,0590СЭҮ
3634.png,0049СББ
3635.png,0158УБУ
3636.png,3278УНД
3637.png,9103ДАХ
3638.png,2037УБҮ
3639.png,5619УБХ
3640.png,5477БРА
3641.png,0539УБЗ
3642.png,5717УНГ
3643.png,7492ДАР
3644.png,3991УНУ
3645.png,2366УБС
3646.png,9996УББ
3647.png,3739УНЦ
3648.png,3389УБП
3649.png,1087УНА
3650.png,9075ДАХ
3651.png,0487УНҮ
3652.png,2178УБР
3653.png,1361УБО
3654.png,9358УНК
3655.png,4685УБП
3656.png,8738ДАР
3657.png,8228УБД
3658.png,6671УНЗ
3659.png,0662УНГ
3660.png,9193ОРО
3661.png,7695ОРО
3662.png,6638УНН
3663.png,0648УНГ
3664.png,3284УБЧ
3665.png,9664УНХ
3666.png,4486УНА
3667.png,0617ТӨВ
3668.png,8242УБЗ
3669.png,0200УБЭ
3670.png,9248УНО
3671.png,0475УБУ
3672.png,4263УБП
3673.png,0063УБЧ
3674.png,2702УБО
3675.png,2755ТӨВ
3676.png,2313ОРА
3677.png,9498УНО
3678.png,6723УБУ
3679.png,5342УНН
3680.png,1241УНХ
3681.png,4406ОРО
3682.png,7007ДАХ
3683.png,1388УНӨ
3684.png,2030ДАР
3685.png,1026УБӨ
3686.png,4319УНЛ
3687.png,4000ТӨВ
3688.png,1952УБУ
3689.png,0840ХӨҮ
3690.png,0172СЭҮ
3691.png,8084ТӨА
3692.png,0962УНЧ
3693.png,6107ДАР
3694.png,8930УНА
3695.png,5516УБГ
3696.png,1077УНЧ
3697.png,2861УБГ
